"../../../Engine/Content/EditorResources/S_Actor.ubulk" 0
"../../../Engine/Content/EditorResources/S_Actor.uasset" 1
"../../../Engine/Content/EditorResources/S_Actor.uexp" 2
"../../../Engine/Content/EditorResources/S_BoxReflectionCapture.uasset" 3
"../../../Engine/Content/EditorResources/S_BoxReflectionCapture.uexp" 4
"../../../Engine/Content/EngineResources/DefaultTexture.ubulk" 5
"../../../Engine/Content/EngineResources/DefaultTexture.uasset" 6
"../../../Engine/Content/EngineResources/DefaultTexture.uexp" 7
"../../../Engine/Content/EngineResources/DefaultTextureCube.uasset" 8
"../../../Engine/Content/EngineResources/DefaultTextureCube.uexp" 9
"../../../Engine/Content/EngineResources/DefaultVolumeTexture2D.uasset" 10
"../../../Engine/Content/EngineResources/DefaultVolumeTexture2D.uexp" 11
"../../../Engine/Content/EngineResources/DefaultVolumeTexture.uasset" 12
"../../../Engine/Content/EngineResources/DefaultVolumeTexture.uexp" 13
"../../../Engine/Content/EditorResources/S_Trigger.ubulk" 14
"../../../Engine/Content/EditorResources/S_Trigger.uasset" 15
"../../../Engine/Content/EditorResources/S_Trigger.uexp" 16
"../../../Engine/Content/EditorResources/S_TriggerBox.uasset" 17
"../../../Engine/Content/EditorResources/S_TriggerBox.uexp" 18
"../../../Engine/Content/EditorResources/S_TriggerCapsule.uasset" 19
"../../../Engine/Content/EditorResources/S_TriggerCapsule.uexp" 20
"../../../Engine/Content/EditorResources/S_TriggerSphere.uasset" 21
"../../../Engine/Content/EditorResources/S_TriggerSphere.uexp" 22
"../../../Engine/Content/EngineMeshes/Sphere.ubulk" 23
"../../../Engine/Content/EngineMeshes/Sphere.uasset" 24
"../../../Engine/Content/EngineMeshes/Sphere.uexp" 25
"../../../Engine/Content/EngineResources/GradientTexture0.uasset" 26
"../../../Engine/Content/EngineResources/GradientTexture0.uexp" 27
"../../../Engine/Content/EngineResources/Black.uasset" 28
"../../../Engine/Content/EngineResources/Black.uexp" 29
"../../../Engine/Content/VREditor/LaserPointer/VR_LaserPower_01.ubulk" 30
"../../../Engine/Content/VREditor/LaserPointer/VR_LaserPower_01.uasset" 31
"../../../Engine/Content/VREditor/LaserPointer/VR_LaserPower_01.uexp" 32
"../../../Engine/Content/VREditor/TransformGizmo/TransformGizmoMaterial.uasset" 33
"../../../Engine/Content/VREditor/TransformGizmo/TransformGizmoMaterial.uexp" 34
"../../../Engine/Content/VREditor/TransformGizmo/TranslucentTransformGizmoMaterial.uasset" 35
"../../../Engine/Content/VREditor/TransformGizmo/TranslucentTransformGizmoMaterial.uexp" 36
"../../../Engine/Content/VREditor/TransformGizmo/BoundingBoxCorner.ubulk" 37
"../../../Engine/Content/VREditor/TransformGizmo/BoundingBoxCorner.uasset" 38
"../../../Engine/Content/VREditor/TransformGizmo/BoundingBoxCorner.uexp" 39
"../../../Engine/Content/VREditor/TransformGizmo/BoundingBoxEdge.ubulk" 40
"../../../Engine/Content/VREditor/TransformGizmo/BoundingBoxEdge.uasset" 41
"../../../Engine/Content/VREditor/TransformGizmo/BoundingBoxEdge.uexp" 42
"../../../Engine/Content/VREditor/TransformGizmo/Main.uasset" 43
"../../../Engine/Content/VREditor/TransformGizmo/Main.uexp" 44
"../../../Engine/Content/VREditor/TransformGizmo/Xray.uasset" 45
"../../../Engine/Content/VREditor/TransformGizmo/Xray.uexp" 46
"../../../Engine/Content/VREditor/TransformGizmo/SM_Sequencer_Node.ubulk" 47
"../../../Engine/Content/VREditor/TransformGizmo/SM_Sequencer_Node.uasset" 48
"../../../Engine/Content/VREditor/TransformGizmo/SM_Sequencer_Node.uexp" 49
"../../../Engine/Content/EditorResources/S_Solver.ubulk" 50
"../../../Engine/Content/EditorResources/S_Solver.uasset" 51
"../../../Engine/Content/EditorResources/S_Solver.uexp" 52
"../../../Engine/Content/EditorMaterials/Camera/CineMat.uasset" 53
"../../../Engine/Content/EditorMaterials/Camera/CineMat.uexp" 54
"../../../Engine/Content/EditorMaterials/Camera/MI_CineMat_Rig.uasset" 55
"../../../Engine/Content/EditorMaterials/Camera/MI_CineMat_Rig.uexp" 56
"../../../Engine/Content/EditorMeshes/Camera/SM_CraneRig_Base.ubulk" 57
"../../../Engine/Content/EditorMeshes/Camera/SM_CraneRig_Base.uasset" 58
"../../../Engine/Content/EditorMeshes/Camera/SM_CraneRig_Base.uexp" 59
"../../../Engine/Content/EditorMeshes/Camera/SM_CraneRig_Arm.ubulk" 60
"../../../Engine/Content/EditorMeshes/Camera/SM_CraneRig_Arm.uasset" 61
"../../../Engine/Content/EditorMeshes/Camera/SM_CraneRig_Arm.uexp" 62
"../../../Engine/Content/EditorMeshes/Camera/SM_CraneRig_Mount.ubulk" 63
"../../../Engine/Content/EditorMeshes/Camera/SM_CraneRig_Mount.uasset" 64
"../../../Engine/Content/EditorMeshes/Camera/SM_CraneRig_Mount.uexp" 65
"../../../Engine/Content/EditorMeshes/Camera/SM_CraneRig_Body.ubulk" 66
"../../../Engine/Content/EditorMeshes/Camera/SM_CraneRig_Body.uasset" 67
"../../../Engine/Content/EditorMeshes/Camera/SM_CraneRig_Body.uexp" 68
"../../../Engine/Content/EditorMeshes/Camera/SM_RailRig_Track.ubulk" 69
"../../../Engine/Content/EditorMeshes/Camera/SM_RailRig_Track.uasset" 70
"../../../Engine/Content/EditorMeshes/Camera/SM_RailRig_Track.uexp" 71
"../../../Engine/Content/EditorMeshes/Camera/SM_RailRig_Mount.ubulk" 72
"../../../Engine/Content/EditorMeshes/Camera/SM_RailRig_Mount.uasset" 73
"../../../Engine/Content/EditorMeshes/Camera/SM_RailRig_Mount.uexp" 74
"../../../Engine/Content/EngineMaterials/T_Default_Material_Grid_M.ubulk" 75
"../../../Engine/Content/EngineMaterials/T_Default_Material_Grid_M.uasset" 76
"../../../Engine/Content/EngineMaterials/T_Default_Material_Grid_M.uexp" 77
"../../../Engine/Content/EngineMaterials/T_Default_Material_Grid_N.ubulk" 78
"../../../Engine/Content/EngineMaterials/T_Default_Material_Grid_N.uasset" 79
"../../../Engine/Content/EngineMaterials/T_Default_Material_Grid_N.uexp" 80
"../../../Engine/Content/Functions/Engine_MaterialFunctions01/Opacity/CameraDepthFade.uasset" 81
"../../../Engine/Content/Functions/Engine_MaterialFunctions01/Opacity/CameraDepthFade.uexp" 82
"../../../Engine/Content/EngineMaterials/WorldGridMaterial.uasset" 83
"../../../Engine/Content/EngineMaterials/WorldGridMaterial.uexp" 84
"../../../Engine/Content/ArtTools/RenderToTexture/Meshes/S_1_Unit_Plane.ubulk" 85
"../../../Engine/Content/ArtTools/RenderToTexture/Meshes/S_1_Unit_Plane.uasset" 86
"../../../Engine/Content/ArtTools/RenderToTexture/Meshes/S_1_Unit_Plane.uexp" 87
"../../../Engine/Content/EditorMaterials/ParticleSystems/PSysThumbnail_NoImage.ubulk" 88
"../../../Engine/Content/EditorMaterials/ParticleSystems/PSysThumbnail_NoImage.uasset" 89
"../../../Engine/Content/EditorMaterials/ParticleSystems/PSysThumbnail_NoImage.uexp" 90
"../../../Engine/Content/EditorMaterials/ParticleSystems/PSysThumbnail_OOD.ubulk" 91
"../../../Engine/Content/EditorMaterials/ParticleSystems/PSysThumbnail_OOD.uasset" 92
"../../../Engine/Content/EditorMaterials/ParticleSystems/PSysThumbnail_OOD.uexp" 93
"../../../Engine/Content/EditorLandscapeResources/SplineEditorMeshMat.uasset" 94
"../../../Engine/Content/EditorLandscapeResources/SplineEditorMeshMat.uexp" 95
"../../../Engine/Content/EditorLandscapeResources/SplineEditorMesh.ubulk" 96
"../../../Engine/Content/EditorLandscapeResources/SplineEditorMesh.uasset" 97
"../../../Engine/Content/EditorLandscapeResources/SplineEditorMesh.uexp" 98
"../../../Engine/Plugins/Media/MediaPlate/Content/SM_MediaPlateScreen.ubulk" 99
"../../../Engine/Plugins/Media/MediaPlate/Content/SM_MediaPlateScreen.uasset" 100
"../../../Engine/Plugins/Media/MediaPlate/Content/SM_MediaPlateScreen.uexp" 101
"../../../Engine/Content/EngineMaterials/DefaultBokeh.uasset" 102
"../../../Engine/Content/EngineMaterials/DefaultBokeh.uexp" 103
"../../../Engine/Content/EngineMaterials/MiniFont.uasset" 104
"../../../Engine/Content/EngineMaterials/MiniFont.uexp" 105
"../../../Engine/Content/EngineMaterials/WeightMapPlaceholderTexture.uasset" 106
"../../../Engine/Content/EngineMaterials/WeightMapPlaceholderTexture.uexp" 107
"../../../Engine/Content/EngineMaterials/WeightMapArrayPlaceholderTexture.uasset" 108
"../../../Engine/Content/EngineMaterials/WeightMapArrayPlaceholderTexture.uexp" 109
"../../../Engine/Content/EngineMaterials/DefaultWhiteGrid.ubulk" 110
"../../../Engine/Content/EngineMaterials/DefaultWhiteGrid.uasset" 111
"../../../Engine/Content/EngineMaterials/DefaultWhiteGrid.uexp" 112
"../../../Engine/Content/EngineMaterials/PreintegratedSkinBRDF.uasset" 113
"../../../Engine/Content/EngineMaterials/PreintegratedSkinBRDF.uexp" 114
"../../../Engine/Plugins/Runtime/MeshModelingToolset/Content/Materials/M_DynamicMeshComponentVtxColor.uasset" 115
"../../../Engine/Plugins/Runtime/MeshModelingToolset/Content/Materials/M_DynamicMeshComponentVtxColor.uexp" 116
"../../../Engine/Plugins/Interchange/Runtime/Content/Pipelines/DefaultTexturePipeline.uasset" 117
"../../../Engine/Plugins/Interchange/Runtime/Content/Pipelines/DefaultTexturePipeline.uexp" 118
"../../../Engine/Plugins/Interchange/Runtime/Content/Pipelines/DefaultSceneLevelPipeline.uasset" 119
"../../../Engine/Plugins/Interchange/Runtime/Content/Pipelines/DefaultSceneLevelPipeline.uexp" 120
"../../../Engine/Plugins/Interchange/Runtime/Content/Pipelines/DefaultSceneAssetsPipeline.uasset" 121
"../../../Engine/Plugins/Interchange/Runtime/Content/Pipelines/DefaultSceneAssetsPipeline.uexp" 122
"../../../Engine/Plugins/Interchange/Runtime/Content/Pipelines/DefaultMaterialXPipeline.uasset" 123
"../../../Engine/Plugins/Interchange/Runtime/Content/Pipelines/DefaultMaterialXPipeline.uexp" 124
"../../../Engine/Plugins/Interchange/Runtime/Content/Pipelines/DefaultMaterialPipeline.uasset" 125
"../../../Engine/Plugins/Interchange/Runtime/Content/Pipelines/DefaultMaterialPipeline.uexp" 126
"../../../Engine/Plugins/Interchange/Runtime/Content/Pipelines/DefaultGLTFSceneAssetsPipeline.uasset" 127
"../../../Engine/Plugins/Interchange/Runtime/Content/Pipelines/DefaultGLTFSceneAssetsPipeline.uexp" 128
"../../../Engine/Plugins/Interchange/Runtime/Content/Pipelines/DefaultGLTFPipeline.uasset" 129
"../../../Engine/Plugins/Interchange/Runtime/Content/Pipelines/DefaultGLTFPipeline.uexp" 130
"../../../Engine/Plugins/Interchange/Runtime/Content/Pipelines/DefaultGLTFAssetsPipeline.uasset" 131
"../../../Engine/Plugins/Interchange/Runtime/Content/Pipelines/DefaultGLTFAssetsPipeline.uexp" 132
"../../../Engine/Plugins/Interchange/Runtime/Content/Pipelines/DefaultAssetsPipeline.uasset" 133
"../../../Engine/Plugins/Interchange/Runtime/Content/Pipelines/DefaultAssetsPipeline.uexp" 134
"../../../Engine/Plugins/Interchange/Runtime/Content/Functions/MX_UsdPreviewSurface.uasset" 135
"../../../Engine/Plugins/Interchange/Runtime/Content/Functions/MX_UsdPreviewSurface.uexp" 136
"../../../Engine/Plugins/Interchange/Runtime/Content/Functions/MX_UniformEDF.uasset" 137
"../../../Engine/Plugins/Interchange/Runtime/Content/Functions/MX_UniformEDF.uexp" 138
"../../../Engine/Plugins/Interchange/Runtime/Content/Functions/MX_TranslucentBSDF.uasset" 139
"../../../Engine/Plugins/Interchange/Runtime/Content/Functions/MX_TranslucentBSDF.uexp" 140
"../../../Engine/Plugins/Interchange/Runtime/Content/Functions/MX_ThinFilmBSDF.uasset" 141
"../../../Engine/Plugins/Interchange/Runtime/Content/Functions/MX_ThinFilmBSDF.uexp" 142
"../../../Engine/Plugins/Interchange/Runtime/Content/Functions/MX_SurfaceUnlit.uasset" 143
"../../../Engine/Plugins/Interchange/Runtime/Content/Functions/MX_SurfaceUnlit.uexp" 144
"../../../Engine/Plugins/Interchange/Runtime/Content/Functions/MX_Surface.uasset" 145
"../../../Engine/Plugins/Interchange/Runtime/Content/Functions/MX_Surface.uexp" 146
"../../../Engine/Plugins/Interchange/Runtime/Content/Functions/MX_SubsurfaceBSDF.uasset" 147
"../../../Engine/Plugins/Interchange/Runtime/Content/Functions/MX_SubsurfaceBSDF.uexp" 148
"../../../Engine/Plugins/Interchange/Runtime/Content/Functions/MX_SheenBSDF.uasset" 149
"../../../Engine/Plugins/Interchange/Runtime/Content/Functions/MX_SheenBSDF.uexp" 150
"../../../Engine/Plugins/Interchange/Runtime/Content/Functions/MX_OrenNayarBSDF.uasset" 151
"../../../Engine/Plugins/Interchange/Runtime/Content/Functions/MX_OrenNayarBSDF.uexp" 152
"../../../Engine/Content/Functions/Engine_MaterialFunctions02/Utility/CameraDirectionVector.uasset" 153
"../../../Engine/Content/Functions/Engine_MaterialFunctions02/Utility/CameraDirectionVector.uexp" 154
"../../../Engine/Content/Functions/Engine_MaterialFunctions01/Volumetrics/BeersLaw.uasset" 155
"../../../Engine/Content/Functions/Engine_MaterialFunctions01/Volumetrics/BeersLaw.uexp" 156
"../../../Engine/Content/EngineMaterials/Good64x64TilingNoiseHighFreq.uasset" 157
"../../../Engine/Content/EngineMaterials/Good64x64TilingNoiseHighFreq.uexp" 158
"../../../Engine/Content/Functions/Engine_MaterialFunctions02/Texturing/ScreenAlignedPixelToPixelUVs.uasset" 159
"../../../Engine/Content/Functions/Engine_MaterialFunctions02/Texturing/ScreenAlignedPixelToPixelUVs.uexp" 160
"../../../Engine/Plugins/Interchange/Runtime/Content/gltf/MaterialFunctions/MF_Temporal_Blur.uasset" 161
"../../../Engine/Plugins/Interchange/Runtime/Content/gltf/MaterialFunctions/MF_Temporal_Blur.uexp" 162
"../../../Engine/Plugins/Interchange/Runtime/Content/gltf/MaterialFunctions/MF_Fresnel_DS.uasset" 163
"../../../Engine/Plugins/Interchange/Runtime/Content/gltf/MaterialFunctions/MF_Fresnel_DS.uexp" 164
"../../../Engine/Content/Functions/Engine_MaterialFunctions02/Utility/BreakOutFloat3Components.uasset" 165
"../../../Engine/Content/Functions/Engine_MaterialFunctions02/Utility/BreakOutFloat3Components.uexp" 166
"../../../Engine/Plugins/Interchange/Runtime/Content/Functions/MX_Transmission.uasset" 167
"../../../Engine/Plugins/Interchange/Runtime/Content/Functions/MX_Transmission.uexp" 168
"../../../Engine/Plugins/Interchange/Runtime/Content/Functions/MF_OrenNayerView.uasset" 169
"../../../Engine/Plugins/Interchange/Runtime/Content/Functions/MF_OrenNayerView.uexp" 170
"../../../Engine/Plugins/Interchange/Runtime/Content/Functions/MF_SchlickApprox.uasset" 171
"../../../Engine/Plugins/Interchange/Runtime/Content/Functions/MF_SchlickApprox.uexp" 172
"../../../Engine/Plugins/Interchange/Runtime/Content/Utilities/New_LUT.uasset" 173
"../../../Engine/Plugins/Interchange/Runtime/Content/Utilities/New_LUT.uexp" 174
"../../../Engine/Content/Functions/Engine_MaterialFunctions03/Math/RemapValueRange.uasset" 175
"../../../Engine/Content/Functions/Engine_MaterialFunctions03/Math/RemapValueRange.uexp" 176
"../../../Engine/Plugins/Interchange/Runtime/Content/Functions/MF_Iridescence.uasset" 177
"../../../Engine/Plugins/Interchange/Runtime/Content/Functions/MF_Iridescence.uexp" 178
"../../../Engine/Plugins/Interchange/Runtime/Content/Functions/MX_StandardSurface.uasset" 179
"../../../Engine/Plugins/Interchange/Runtime/Content/Functions/MX_StandardSurface.uexp" 180
"../../../Engine/Plugins/Interchange/Runtime/Content/Functions/MX_TransmissionSurface.uasset" 181
"../../../Engine/Plugins/Interchange/Runtime/Content/Functions/MX_TransmissionSurface.uexp" 182
"../../../Engine/Plugins/Interchange/Runtime/Content/Functions/MX_OpenPBR_Translucent.uasset" 183
"../../../Engine/Plugins/Interchange/Runtime/Content/Functions/MX_OpenPBR_Translucent.uexp" 184
"../../../Engine/Plugins/Interchange/Runtime/Content/Functions/MX_OpenPBR_Opaque.uasset" 185
"../../../Engine/Plugins/Interchange/Runtime/Content/Functions/MX_OpenPBR_Opaque.uexp" 186
"../../../Engine/Plugins/Interchange/Runtime/Content/Functions/MX_MeasuredEDF.uasset" 187
"../../../Engine/Plugins/Interchange/Runtime/Content/Functions/MX_MeasuredEDF.uexp" 188
"../../../Engine/Plugins/Interchange/Runtime/Content/Functions/MX_GeneralizedSchlickBSDF.uasset" 189
"../../../Engine/Plugins/Interchange/Runtime/Content/Functions/MX_GeneralizedSchlickBSDF.uexp" 190
"../../../Engine/Plugins/Interchange/Runtime/Content/Functions/MX_DielectricBSDF.uasset" 191
"../../../Engine/Plugins/Interchange/Runtime/Content/Functions/MX_DielectricBSDF.uexp" 192
"../../../Engine/Plugins/Interchange/Runtime/Content/Functions/MX_ConicalEDF.uasset" 193
"../../../Engine/Plugins/Interchange/Runtime/Content/Functions/MX_ConicalEDF.uexp" 194
"../../../Engine/Plugins/Interchange/Runtime/Content/Functions/MX_ConductorBSDF.uasset" 195
"../../../Engine/Plugins/Interchange/Runtime/Content/Functions/MX_ConductorBSDF.uexp" 196
"../../../Engine/Plugins/Interchange/Runtime/Content/Functions/MX_BurleyDiffuseBSDF.uasset" 197
"../../../Engine/Plugins/Interchange/Runtime/Content/Functions/MX_BurleyDiffuseBSDF.uexp" 198
"../../../Engine/Plugins/Interchange/Runtime/Content/Functions/MX_AnisotropicVDF.uasset" 199
"../../../Engine/Plugins/Interchange/Runtime/Content/Functions/MX_AnisotropicVDF.uexp" 200
"../../../Engine/Plugins/Interchange/Runtime/Content/Functions/MX_AbsorptionVDF.uasset" 201
"../../../Engine/Plugins/Interchange/Runtime/Content/Functions/MX_AbsorptionVDF.uexp" 202
"../../../Engine/Plugins/FX/NiagaraFluids/Content/NDC_Grid3D_Gas.uasset" 203
"../../../Engine/Plugins/FX/NiagaraFluids/Content/NDC_Grid3D_Gas.uexp" 204
"../../../Engine/Plugins/Editor/SpeedTreeImporter/Content/SpeedTree9/game_wind_noise.ubulk" 205
"../../../Engine/Plugins/Editor/SpeedTreeImporter/Content/SpeedTree9/game_wind_noise.uasset" 206
"../../../Engine/Plugins/Editor/SpeedTreeImporter/Content/SpeedTree9/game_wind_noise.uexp" 207
"../../../Engine/Plugins/Editor/SpeedTreeImporter/Content/SpeedTree9/UnpackDirection.uasset" 208
"../../../Engine/Plugins/Editor/SpeedTreeImporter/Content/SpeedTree9/UnpackDirection.uexp" 209
"../../../Engine/Content/Functions/Engine_MaterialFunctions02/ObjectLocalBounds.uasset" 210
"../../../Engine/Content/Functions/Engine_MaterialFunctions02/ObjectLocalBounds.uexp" 211
"../../../Engine/Content/Functions/Engine_MaterialFunctions02/UVs/BoundingBoxBased_0-1_UVW.uasset" 212
"../../../Engine/Content/Functions/Engine_MaterialFunctions02/UVs/BoundingBoxBased_0-1_UVW.uexp" 213
"../../../Engine/Content/Functions/Engine_MaterialFunctions02/Utility/VectorLength.uasset" 214
"../../../Engine/Content/Functions/Engine_MaterialFunctions02/Utility/VectorLength.uexp" 215
"../../../Engine/Plugins/Editor/SpeedTreeImporter/Content/SpeedTree9/UnpackInteger3.uasset" 216
"../../../Engine/Plugins/Editor/SpeedTreeImporter/Content/SpeedTree9/UnpackInteger3.uexp" 217
"../../../Engine/Plugins/Editor/SpeedTreeImporter/Content/SpeedTree9/SpeedTreeCameraFacing.uasset" 218
"../../../Engine/Plugins/Editor/SpeedTreeImporter/Content/SpeedTree9/SpeedTreeCameraFacing.uexp" 219
"../../../Engine/Content/Functions/Engine_MaterialFunctions02/WorldPositionOffset/ObjectScale.uasset" 220
"../../../Engine/Content/Functions/Engine_MaterialFunctions02/WorldPositionOffset/ObjectScale.uexp" 221
"../../../Engine/Content/Functions/Engine_MaterialFunctions02/SafeNormalize.uasset" 222
"../../../Engine/Content/Functions/Engine_MaterialFunctions02/SafeNormalize.uexp" 223
"../../../Engine/Plugins/Editor/SpeedTreeImporter/Content/SpeedTree9/SpeedTreeWindMotion.uasset" 224
"../../../Engine/Plugins/Editor/SpeedTreeImporter/Content/SpeedTree9/SpeedTreeWindMotion.uexp" 225
"../../../Engine/Plugins/Editor/SpeedTreeImporter/Content/SpeedTree9/SpeedTreeBranchMotion.uasset" 226
"../../../Engine/Plugins/Editor/SpeedTreeImporter/Content/SpeedTree9/SpeedTreeBranchMotion.uexp" 227
"../../../Engine/Plugins/Editor/SpeedTreeImporter/Content/SpeedTree9/SpeedTreeWind.uasset" 228
"../../../Engine/Plugins/Editor/SpeedTreeImporter/Content/SpeedTree9/SpeedTreeWind.uexp" 229
"../../../Engine/Plugins/Editor/SpeedTreeImporter/Content/SpeedTree9/EmptyNormal.uasset" 230
"../../../Engine/Plugins/Editor/SpeedTreeImporter/Content/SpeedTree9/EmptyNormal.uexp" 231
"../../../Engine/Plugins/Editor/SpeedTreeImporter/Content/SpeedTree9/Empty.uasset" 232
"../../../Engine/Plugins/Editor/SpeedTreeImporter/Content/SpeedTree9/Empty.uexp" 233
"../../../Engine/Plugins/Editor/SpeedTreeImporter/Content/SpeedTree9/SpeedTreeMaster.uasset" 234
"../../../Engine/Plugins/Editor/SpeedTreeImporter/Content/SpeedTree9/SpeedTreeMaster.uexp" 235
"../../../Engine/Plugins/Editor/SpeedTreeImporter/Content/SpeedTree9/SpeedTreeBillboard.uasset" 236
"../../../Engine/Plugins/Editor/SpeedTreeImporter/Content/SpeedTree9/SpeedTreeBillboard.uexp" 237
"../../../Engine/Plugins/Editor/SpeedTreeImporter/Content/SpeedTree9/SpeedTreeBillboardMaster.uasset" 238
"../../../Engine/Plugins/Editor/SpeedTreeImporter/Content/SpeedTree9/SpeedTreeBillboardMaster.uexp" 239
"../../../Engine/Content/Functions/Engine_MaterialFunctions02/WorldPositionOffset/CameraOffset.uasset" 240
"../../../Engine/Content/Functions/Engine_MaterialFunctions02/WorldPositionOffset/CameraOffset.uexp" 241
"../../../Engine/Plugins/Animation/ControlRig/Content/M_Manip.uasset" 242
"../../../Engine/Plugins/Animation/ControlRig/Content/M_Manip.uexp" 243
"../../../Engine/Plugins/Animation/ControlRig/Content/Controls/DefaultGizmoLibraryNormalized.uasset" 244
"../../../Engine/Plugins/Animation/ControlRig/Content/Controls/DefaultGizmoLibraryNormalized.uexp" 245
"../../../Engine/Plugins/Animation/ControlRig/Content/Controls/ControlRig_Wedge_solid.ubulk" 246
"../../../Engine/Plugins/Animation/ControlRig/Content/Controls/ControlRig_Wedge_solid.uasset" 247
"../../../Engine/Plugins/Animation/ControlRig/Content/Controls/ControlRig_Wedge_solid.uexp" 248
"../../../Engine/Plugins/Animation/ControlRig/Content/Controls/ControlRig_Wedge_3mm.ubulk" 249
"../../../Engine/Plugins/Animation/ControlRig/Content/Controls/ControlRig_Wedge_3mm.uasset" 250
"../../../Engine/Plugins/Animation/ControlRig/Content/Controls/ControlRig_Wedge_3mm.uexp" 251
"../../../Engine/Plugins/Animation/ControlRig/Content/Controls/ControlRig_Wedge_1mm.ubulk" 252
"../../../Engine/Plugins/Animation/ControlRig/Content/Controls/ControlRig_Wedge_1mm.uasset" 253
"../../../Engine/Plugins/Animation/ControlRig/Content/Controls/ControlRig_Wedge_1mm.uexp" 254
"../../../Engine/Plugins/Animation/ControlRig/Content/Controls/ControlRig_Triangle_solid.ubulk" 255
"../../../Engine/Plugins/Animation/ControlRig/Content/Controls/ControlRig_Triangle_solid.uasset" 256
"../../../Engine/Plugins/Animation/ControlRig/Content/Controls/ControlRig_Triangle_solid.uexp" 257
"../../../Engine/Plugins/Animation/ControlRig/Content/Controls/ControlRig_Triangle_3mm.ubulk" 258
"../../../Engine/Plugins/Animation/ControlRig/Content/Controls/ControlRig_Triangle_3mm.uasset" 259
"../../../Engine/Plugins/Animation/ControlRig/Content/Controls/ControlRig_Triangle_3mm.uexp" 260
"../../../Engine/Plugins/Animation/ControlRig/Content/Controls/ControlRig_Triangle_1mm.ubulk" 261
"../../../Engine/Plugins/Animation/ControlRig/Content/Controls/ControlRig_Triangle_1mm.uasset" 262
"../../../Engine/Plugins/Animation/ControlRig/Content/Controls/ControlRig_Triangle_1mm.uexp" 263
"../../../Engine/Plugins/Animation/ControlRig/Content/Controls/ControlRig_Star4_solid.ubulk" 264
"../../../Engine/Plugins/Animation/ControlRig/Content/Controls/ControlRig_Star4_solid.uasset" 265
"../../../Engine/Plugins/Animation/ControlRig/Content/Controls/ControlRig_Star4_solid.uexp" 266
"../../../Engine/Plugins/Animation/ControlRig/Content/Controls/ControlRig_Star4_3mm.ubulk" 267
"../../../Engine/Plugins/Animation/ControlRig/Content/Controls/ControlRig_Star4_3mm.uasset" 268
"../../../Engine/Plugins/Animation/ControlRig/Content/Controls/ControlRig_Star4_3mm.uexp" 269
"../../../Engine/Plugins/Animation/ControlRig/Content/Controls/ControlRig_Star4_1mm.ubulk" 270
"../../../Engine/Plugins/Animation/ControlRig/Content/Controls/ControlRig_Star4_1mm.uasset" 271
"../../../Engine/Plugins/Animation/ControlRig/Content/Controls/ControlRig_Star4_1mm.uexp" 272
"../../../Engine/Plugins/Animation/ControlRig/Content/Controls/ControlRig_Square_solid.ubulk" 273
"../../../Engine/Plugins/Animation/ControlRig/Content/Controls/ControlRig_Square_solid.uasset" 274
"../../../Engine/Plugins/Animation/ControlRig/Content/Controls/ControlRig_Square_solid.uexp" 275
"../../../Engine/Plugins/Animation/ControlRig/Content/Controls/ControlRig_Square_3mm.ubulk" 276
"../../../Engine/Plugins/Animation/ControlRig/Content/Controls/ControlRig_Square_3mm.uasset" 277
"../../../Engine/Plugins/Animation/ControlRig/Content/Controls/ControlRig_Square_3mm.uexp" 278
"../../../Engine/Plugins/Animation/ControlRig/Content/Controls/ControlRig_Square_1mm.ubulk" 279
"../../../Engine/Plugins/Animation/ControlRig/Content/Controls/ControlRig_Square_1mm.uasset" 280
"../../../Engine/Plugins/Animation/ControlRig/Content/Controls/ControlRig_Square_1mm.uexp" 281
"../../../Engine/Plugins/Animation/ControlRig/Content/Controls/ControlRig_Sphere_solid.ubulk" 282
"../../../Engine/Plugins/Animation/ControlRig/Content/Controls/ControlRig_Sphere_solid.uasset" 283
"../../../Engine/Plugins/Animation/ControlRig/Content/Controls/ControlRig_Sphere_solid.uexp" 284
"../../../Engine/Plugins/Animation/ControlRig/Content/Controls/ControlRig_Sphere_3mm.ubulk" 285
"../../../Engine/Plugins/Animation/ControlRig/Content/Controls/ControlRig_Sphere_3mm.uasset" 286
"../../../Engine/Plugins/Animation/ControlRig/Content/Controls/ControlRig_Sphere_3mm.uexp" 287
"../../../Engine/Plugins/Animation/ControlRig/Content/Controls/ControlRig_Sphere_1mm.ubulk" 288
"../../../Engine/Plugins/Animation/ControlRig/Content/Controls/ControlRig_Sphere_1mm.uasset" 289
"../../../Engine/Plugins/Animation/ControlRig/Content/Controls/ControlRig_Sphere_1mm.uexp" 290
"../../../Engine/Plugins/Animation/ControlRig/Content/Controls/ControlRig_RoundedTriangle_solid.ubulk" 291
"../../../Engine/Plugins/Animation/ControlRig/Content/Controls/ControlRig_RoundedTriangle_solid.uasset" 292
"../../../Engine/Plugins/Animation/ControlRig/Content/Controls/ControlRig_RoundedTriangle_solid.uexp" 293
"../../../Engine/Plugins/Animation/ControlRig/Content/Controls/ControlRig_RoundedTriangle_3mm.ubulk" 294
"../../../Engine/Plugins/Animation/ControlRig/Content/Controls/ControlRig_RoundedTriangle_3mm.uasset" 295
"../../../Engine/Plugins/Animation/ControlRig/Content/Controls/ControlRig_RoundedTriangle_3mm.uexp" 296
"../../../Engine/Plugins/Animation/ControlRig/Content/Controls/ControlRig_RoundedTriangle_1mm.ubulk" 297
"../../../Engine/Plugins/Animation/ControlRig/Content/Controls/ControlRig_RoundedTriangle_1mm.uasset" 298
"../../../Engine/Plugins/Animation/ControlRig/Content/Controls/ControlRig_RoundedTriangle_1mm.uexp" 299
"../../../Engine/Plugins/Animation/ControlRig/Content/Controls/ControlRig_RoundedSquare_solid.ubulk" 300
"../../../Engine/Plugins/Animation/ControlRig/Content/Controls/ControlRig_RoundedSquare_solid.uasset" 301
"../../../Engine/Plugins/Animation/ControlRig/Content/Controls/ControlRig_RoundedSquare_solid.uexp" 302
"../../../Engine/Plugins/Animation/ControlRig/Content/Controls/ControlRig_RoundedSquare_3mm.ubulk" 303
"../../../Engine/Plugins/Animation/ControlRig/Content/Controls/ControlRig_RoundedSquare_3mm.uasset" 304
"../../../Engine/Plugins/Animation/ControlRig/Content/Controls/ControlRig_RoundedSquare_3mm.uexp" 305
"../../../Engine/Plugins/Animation/ControlRig/Content/Controls/ControlRig_RoundedSquare_1mm.ubulk" 306
"../../../Engine/Plugins/Animation/ControlRig/Content/Controls/ControlRig_RoundedSquare_1mm.uasset" 307
"../../../Engine/Plugins/Animation/ControlRig/Content/Controls/ControlRig_RoundedSquare_1mm.uexp" 308
"../../../Engine/Plugins/Animation/ControlRig/Content/Controls/ControlRig_QuarterCircle_solid.ubulk" 309
"../../../Engine/Plugins/Animation/ControlRig/Content/Controls/ControlRig_QuarterCircle_solid.uasset" 310
"../../../Engine/Plugins/Animation/ControlRig/Content/Controls/ControlRig_QuarterCircle_solid.uexp" 311
"../../../Engine/Plugins/Animation/ControlRig/Content/Controls/ControlRig_QuarterCircle_3mm.ubulk" 312
"../../../Engine/Plugins/Animation/ControlRig/Content/Controls/ControlRig_QuarterCircle_3mm.uasset" 313
"../../../Engine/Plugins/Animation/ControlRig/Content/Controls/ControlRig_QuarterCircle_3mm.uexp" 314
"../../../Engine/Plugins/Animation/ControlRig/Content/Controls/ControlRig_QuarterCircle_1mm.ubulk" 315
"../../../Engine/Plugins/Animation/ControlRig/Content/Controls/ControlRig_QuarterCircle_1mm.uasset" 316
"../../../Engine/Plugins/Animation/ControlRig/Content/Controls/ControlRig_QuarterCircle_1mm.uexp" 317
"../../../Engine/Plugins/Animation/ControlRig/Content/Controls/ControlRig_Pyramid_solid.ubulk" 318
"../../../Engine/Plugins/Animation/ControlRig/Content/Controls/ControlRig_Pyramid_solid.uasset" 319
"../../../Engine/Plugins/Animation/ControlRig/Content/Controls/ControlRig_Pyramid_solid.uexp" 320
"../../../Engine/Plugins/Animation/ControlRig/Content/Controls/ControlRig_Pyramid_3mm.ubulk" 321
"../../../Engine/Plugins/Animation/ControlRig/Content/Controls/ControlRig_Pyramid_3mm.uasset" 322
"../../../Engine/Plugins/Animation/ControlRig/Content/Controls/ControlRig_Pyramid_3mm.uexp" 323
"../../../Engine/Plugins/Animation/ControlRig/Content/Controls/ControlRig_Pyramid_1mm.ubulk" 324
"../../../Engine/Plugins/Animation/ControlRig/Content/Controls/ControlRig_Pyramid_1mm.uasset" 325
"../../../Engine/Plugins/Animation/ControlRig/Content/Controls/ControlRig_Pyramid_1mm.uexp" 326
"../../../Engine/Plugins/Animation/ControlRig/Content/Controls/ControlRig_Octagon_solid.ubulk" 327
"../../../Engine/Plugins/Animation/ControlRig/Content/Controls/ControlRig_Octagon_solid.uasset" 328
"../../../Engine/Plugins/Animation/ControlRig/Content/Controls/ControlRig_Octagon_solid.uexp" 329
"../../../Engine/Plugins/Animation/ControlRig/Content/Controls/ControlRig_Octagon_3mm.ubulk" 330
"../../../Engine/Plugins/Animation/ControlRig/Content/Controls/ControlRig_Octagon_3mm.uasset" 331
"../../../Engine/Plugins/Animation/ControlRig/Content/Controls/ControlRig_Octagon_3mm.uexp" 332
"../../../Engine/Plugins/Animation/ControlRig/Content/Controls/ControlRig_Octagon_1mm.ubulk" 333
"../../../Engine/Plugins/Animation/ControlRig/Content/Controls/ControlRig_Octagon_1mm.uasset" 334
"../../../Engine/Plugins/Animation/ControlRig/Content/Controls/ControlRig_Octagon_1mm.uexp" 335
"../../../Engine/Plugins/Animation/ControlRig/Content/Controls/ControlRig_Hexagon_solid.ubulk" 336
"../../../Engine/Plugins/Animation/ControlRig/Content/Controls/ControlRig_Hexagon_solid.uasset" 337
"../../../Engine/Plugins/Animation/ControlRig/Content/Controls/ControlRig_Hexagon_solid.uexp" 338
"../../../Engine/Plugins/Animation/ControlRig/Content/Controls/ControlRig_Hexagon_3mm.ubulk" 339
"../../../Engine/Plugins/Animation/ControlRig/Content/Controls/ControlRig_Hexagon_3mm.uasset" 340
"../../../Engine/Plugins/Animation/ControlRig/Content/Controls/ControlRig_Hexagon_3mm.uexp" 341
"../../../Engine/Plugins/Animation/ControlRig/Content/Controls/ControlRig_Hexagon_1mm.ubulk" 342
"../../../Engine/Plugins/Animation/ControlRig/Content/Controls/ControlRig_Hexagon_1mm.uasset" 343
"../../../Engine/Plugins/Animation/ControlRig/Content/Controls/ControlRig_Hexagon_1mm.uexp" 344
"../../../Engine/Plugins/Animation/ControlRig/Content/Controls/ControlRig_HalfCircle_solid.ubulk" 345
"../../../Engine/Plugins/Animation/ControlRig/Content/Controls/ControlRig_HalfCircle_solid.uasset" 346
"../../../Engine/Plugins/Animation/ControlRig/Content/Controls/ControlRig_HalfCircle_solid.uexp" 347
"../../../Engine/Plugins/Animation/ControlRig/Content/Controls/ControlRig_HalfCircle_3mm.ubulk" 348
"../../../Engine/Plugins/Animation/ControlRig/Content/Controls/ControlRig_HalfCircle_3mm.uasset" 349
"../../../Engine/Plugins/Animation/ControlRig/Content/Controls/ControlRig_HalfCircle_3mm.uexp" 350
"../../../Engine/Plugins/Animation/ControlRig/Content/Controls/ControlRig_HalfCircle_1mm.ubulk" 351
"../../../Engine/Plugins/Animation/ControlRig/Content/Controls/ControlRig_HalfCircle_1mm.uasset" 352
"../../../Engine/Plugins/Animation/ControlRig/Content/Controls/ControlRig_HalfCircle_1mm.uexp" 353
"../../../Engine/Plugins/Animation/ControlRig/Content/Controls/ControlRig_Diamond_solid.ubulk" 354
"../../../Engine/Plugins/Animation/ControlRig/Content/Controls/ControlRig_Diamond_solid.uasset" 355
"../../../Engine/Plugins/Animation/ControlRig/Content/Controls/ControlRig_Diamond_solid.uexp" 356
"../../../Engine/Plugins/Animation/ControlRig/Content/Controls/ControlRig_Diamond_3mm.ubulk" 357
"../../../Engine/Plugins/Animation/ControlRig/Content/Controls/ControlRig_Diamond_3mm.uasset" 358
"../../../Engine/Plugins/Animation/ControlRig/Content/Controls/ControlRig_Diamond_3mm.uexp" 359
"../../../Engine/Plugins/Animation/ControlRig/Content/Controls/ControlRig_Diamond_1mm.ubulk" 360
"../../../Engine/Plugins/Animation/ControlRig/Content/Controls/ControlRig_Diamond_1mm.uasset" 361
"../../../Engine/Plugins/Animation/ControlRig/Content/Controls/ControlRig_Diamond_1mm.uexp" 362
"../../../Engine/Plugins/Animation/ControlRig/Content/Controls/ControlRig_Circle_solid.ubulk" 363
"../../../Engine/Plugins/Animation/ControlRig/Content/Controls/ControlRig_Circle_solid.uasset" 364
"../../../Engine/Plugins/Animation/ControlRig/Content/Controls/ControlRig_Circle_solid.uexp" 365
"../../../Engine/Plugins/Animation/ControlRig/Content/Controls/ControlRig_Circle_3mm.ubulk" 366
"../../../Engine/Plugins/Animation/ControlRig/Content/Controls/ControlRig_Circle_3mm.uasset" 367
"../../../Engine/Plugins/Animation/ControlRig/Content/Controls/ControlRig_Circle_3mm.uexp" 368
"../../../Engine/Plugins/Animation/ControlRig/Content/Controls/ControlRig_Circle_1mm.ubulk" 369
"../../../Engine/Plugins/Animation/ControlRig/Content/Controls/ControlRig_Circle_1mm.uasset" 370
"../../../Engine/Plugins/Animation/ControlRig/Content/Controls/ControlRig_Circle_1mm.uexp" 371
"../../../Engine/Plugins/Animation/ControlRig/Content/Controls/ControlRig_Box_solid.ubulk" 372
"../../../Engine/Plugins/Animation/ControlRig/Content/Controls/ControlRig_Box_solid.uasset" 373
"../../../Engine/Plugins/Animation/ControlRig/Content/Controls/ControlRig_Box_solid.uexp" 374
"../../../Engine/Plugins/Animation/ControlRig/Content/Controls/ControlRig_Box_3mm.ubulk" 375
"../../../Engine/Plugins/Animation/ControlRig/Content/Controls/ControlRig_Box_3mm.uasset" 376
"../../../Engine/Plugins/Animation/ControlRig/Content/Controls/ControlRig_Box_3mm.uexp" 377
"../../../Engine/Plugins/Animation/ControlRig/Content/Controls/ControlRig_Box_1mm.ubulk" 378
"../../../Engine/Plugins/Animation/ControlRig/Content/Controls/ControlRig_Box_1mm.uasset" 379
"../../../Engine/Plugins/Animation/ControlRig/Content/Controls/ControlRig_Box_1mm.uexp" 380
"../../../Engine/Plugins/Animation/ControlRig/Content/Controls/ControlRig_Arrow_solid.ubulk" 381
"../../../Engine/Plugins/Animation/ControlRig/Content/Controls/ControlRig_Arrow_solid.uasset" 382
"../../../Engine/Plugins/Animation/ControlRig/Content/Controls/ControlRig_Arrow_solid.uexp" 383
"../../../Engine/Plugins/Animation/ControlRig/Content/Controls/ControlRig_Arrow_3mm.ubulk" 384
"../../../Engine/Plugins/Animation/ControlRig/Content/Controls/ControlRig_Arrow_3mm.uasset" 385
"../../../Engine/Plugins/Animation/ControlRig/Content/Controls/ControlRig_Arrow_3mm.uexp" 386
"../../../Engine/Plugins/Animation/ControlRig/Content/Controls/ControlRig_Arrow_1mm.ubulk" 387
"../../../Engine/Plugins/Animation/ControlRig/Content/Controls/ControlRig_Arrow_1mm.uasset" 388
"../../../Engine/Plugins/Animation/ControlRig/Content/Controls/ControlRig_Arrow_1mm.uexp" 389
"../../../Engine/Plugins/Animation/ControlRig/Content/Controls/ControlRig_Arrow4_solid.ubulk" 390
"../../../Engine/Plugins/Animation/ControlRig/Content/Controls/ControlRig_Arrow4_solid.uasset" 391
"../../../Engine/Plugins/Animation/ControlRig/Content/Controls/ControlRig_Arrow4_solid.uexp" 392
"../../../Engine/Plugins/Animation/ControlRig/Content/Controls/ControlRig_Arrow4_3mm.ubulk" 393
"../../../Engine/Plugins/Animation/ControlRig/Content/Controls/ControlRig_Arrow4_3mm.uasset" 394
"../../../Engine/Plugins/Animation/ControlRig/Content/Controls/ControlRig_Arrow4_3mm.uexp" 395
"../../../Engine/Plugins/Animation/ControlRig/Content/Controls/ControlRig_Arrow4_1mm.ubulk" 396
"../../../Engine/Plugins/Animation/ControlRig/Content/Controls/ControlRig_Arrow4_1mm.uasset" 397
"../../../Engine/Plugins/Animation/ControlRig/Content/Controls/ControlRig_Arrow4_1mm.uexp" 398
"../../../Engine/Plugins/Animation/ControlRig/Content/Controls/ControlRig_Arrow2_solid.ubulk" 399
"../../../Engine/Plugins/Animation/ControlRig/Content/Controls/ControlRig_Arrow2_solid.uasset" 400
"../../../Engine/Plugins/Animation/ControlRig/Content/Controls/ControlRig_Arrow2_solid.uexp" 401
"../../../Engine/Plugins/Animation/ControlRig/Content/Controls/ControlRig_Arrow2_3mm.ubulk" 402
"../../../Engine/Plugins/Animation/ControlRig/Content/Controls/ControlRig_Arrow2_3mm.uasset" 403
"../../../Engine/Plugins/Animation/ControlRig/Content/Controls/ControlRig_Arrow2_3mm.uexp" 404
"../../../Engine/Plugins/Animation/ControlRig/Content/Controls/ControlRig_Arrow2_1mm.ubulk" 405
"../../../Engine/Plugins/Animation/ControlRig/Content/Controls/ControlRig_Arrow2_1mm.uasset" 406
"../../../Engine/Plugins/Animation/ControlRig/Content/Controls/ControlRig_Arrow2_1mm.uexp" 407
"../../../Engine/Plugins/Animation/ControlRig/Content/Controls/ControlRigXRayMaterial.uasset" 408
"../../../Engine/Plugins/Animation/ControlRig/Content/Controls/ControlRigXRayMaterial.uexp" 409
"../../../Engine/Plugins/Animation/ControlRig/Content/Controls/ControlRigGizmoMaterial.uasset" 410
"../../../Engine/Plugins/Animation/ControlRig/Content/Controls/ControlRigGizmoMaterial.uexp" 411
"../../../Engine/Plugins/2D/Paper2D/Content/PlaceholderTextures/DummySpriteTexture.ubulk" 412
"../../../Engine/Plugins/2D/Paper2D/Content/PlaceholderTextures/DummySpriteTexture.uasset" 413
"../../../Engine/Plugins/2D/Paper2D/Content/PlaceholderTextures/DummySpriteTexture.uexp" 414
"../../../Engine/Plugins/2D/Paper2D/Content/DefaultSpriteMaterial.uasset" 415
"../../../Engine/Plugins/2D/Paper2D/Content/DefaultSpriteMaterial.uexp" 416
"../../../Engine/Plugins/2D/Paper2D/Content/OpaqueUnlitSpriteMaterial.uasset" 417
"../../../Engine/Plugins/2D/Paper2D/Content/OpaqueUnlitSpriteMaterial.uexp" 418
"../../../Engine/Plugins/2D/Paper2D/Content/MaskedUnlitSpriteMaterial.uasset" 419
"../../../Engine/Plugins/2D/Paper2D/Content/MaskedUnlitSpriteMaterial.uexp" 420
"../../../Engine/Plugins/2D/Paper2D/Content/DummySprite.uasset" 421
"../../../Engine/Plugins/2D/Paper2D/Content/DummySprite.uexp" 422
"../../../Engine/Plugins/2D/Paper2D/Content/DefaultPaperTerrainMaterial.uasset" 423
"../../../Engine/Plugins/2D/Paper2D/Content/DefaultPaperTerrainMaterial.uexp" 424
"../../../Engine/Content/VREditor/TransformGizmo/StartRotationHandleIndicator.ubulk" 425
"../../../Engine/Content/VREditor/TransformGizmo/StartRotationHandleIndicator.uasset" 426
"../../../Engine/Content/VREditor/TransformGizmo/StartRotationHandleIndicator.uexp" 427
"../../../Engine/Content/VREditor/Sounds/UI/Drop_Item_From_ContentBrowser.ubulk" 428
"../../../Engine/Content/VREditor/Sounds/UI/Drop_Item_From_ContentBrowser.uasset" 429
"../../../Engine/Content/VREditor/Sounds/UI/Drop_Item_From_ContentBrowser.uexp" 430
"../../../Engine/Content/VREditor/TransformGizmo/PlaneTranslationHandle.ubulk" 431
"../../../Engine/Content/VREditor/TransformGizmo/PlaneTranslationHandle.uasset" 432
"../../../Engine/Content/VREditor/TransformGizmo/PlaneTranslationHandle.uexp" 433
"../../../Engine/Content/VREditor/Sounds/UI/Object_Snaps_To_Grid.ubulk" 434
"../../../Engine/Content/VREditor/Sounds/UI/Object_Snaps_To_Grid.uasset" 435
"../../../Engine/Content/VREditor/Sounds/UI/Object_Snaps_To_Grid.uexp" 436
"../../../Engine/Content/VREditor/Sounds/UI/Selection_Changes.ubulk" 437
"../../../Engine/Content/VREditor/Sounds/UI/Selection_Changes.uasset" 438
"../../../Engine/Content/VREditor/Sounds/UI/Selection_Changes.uexp" 439
"../../../Engine/Content/VREditor/Sounds/UI/Object_Snaps_To_Another_Actor.ubulk" 440
"../../../Engine/Content/VREditor/Sounds/UI/Object_Snaps_To_Another_Actor.uasset" 441
"../../../Engine/Content/VREditor/Sounds/UI/Object_Snaps_To_Another_Actor.uexp" 442
"../../../Engine/Content/VREditor/TransformGizmo/TranslucentTransformGizmoMaterial_Inst.uasset" 443
"../../../Engine/Content/VREditor/TransformGizmo/TranslucentTransformGizmoMaterial_Inst.uexp" 444
"../../../Engine/Content/VREditor/TransformGizmo/TransformGizmoFreeRotation.ubulk" 445
"../../../Engine/Content/VREditor/TransformGizmo/TransformGizmoFreeRotation.uasset" 446
"../../../Engine/Content/VREditor/TransformGizmo/TransformGizmoFreeRotation.uexp" 447
"../../../Engine/Content/VREditor/Sounds/UI/Scaling_Down.ubulk" 448
"../../../Engine/Content/VREditor/Sounds/UI/Scaling_Down.uasset" 449
"../../../Engine/Content/VREditor/Sounds/UI/Scaling_Down.uexp" 450
"../../../Engine/Content/Functions/Engine_MaterialFunctions02/Math/Transform3x3Matrix.uasset" 451
"../../../Engine/Content/Functions/Engine_MaterialFunctions02/Math/Transform3x3Matrix.uexp" 452
"../../../Engine/Content/Functions/Engine_MaterialFunctions02/SplitComponents.uasset" 453
"../../../Engine/Content/Functions/Engine_MaterialFunctions02/SplitComponents.uexp" 454
"../../../Engine/Content/Functions/Engine_MaterialFunctions02/Utility/MakeFloat3.uasset" 455
"../../../Engine/Content/Functions/Engine_MaterialFunctions02/Utility/MakeFloat3.uexp" 456
"../../../Engine/Content/VREditor/SnapGrid/SnapGridMaterial.uasset" 457
"../../../Engine/Content/VREditor/SnapGrid/SnapGridMaterial.uexp" 458
"../../../Engine/Content/VREditor/SnapGrid/SnapGridPlaneMesh.ubulk" 459
"../../../Engine/Content/VREditor/SnapGrid/SnapGridPlaneMesh.uasset" 460
"../../../Engine/Content/VREditor/SnapGrid/SnapGridPlaneMesh.uexp" 461
"../../../Engine/Content/VREditor/Sounds/UI/Scaling_Up.ubulk" 462
"../../../Engine/Content/VREditor/Sounds/UI/Scaling_Up.uasset" 463
"../../../Engine/Content/VREditor/Sounds/UI/Scaling_Up.uexp" 464
"../../../Engine/Content/VREditor/TransformGizmo/TransformGizmoMaterial_Inst.uasset" 465
"../../../Engine/Content/VREditor/TransformGizmo/TransformGizmoMaterial_Inst.uexp" 466
"../../../Engine/Content/VREditor/Sounds/UI/Gizmo_Handle_Clicked.ubulk" 467
"../../../Engine/Content/VREditor/Sounds/UI/Gizmo_Handle_Clicked.uasset" 468
"../../../Engine/Content/VREditor/Sounds/UI/Gizmo_Handle_Clicked.uexp" 469
"../../../Engine/Content/VREditor/TransformGizmo/RotationHandleQuarter.ubulk" 470
"../../../Engine/Content/VREditor/TransformGizmo/RotationHandleQuarter.uasset" 471
"../../../Engine/Content/VREditor/TransformGizmo/RotationHandleQuarter.uexp" 472
"../../../Engine/Content/VREditor/TransformGizmo/TranslateArrowHandle.ubulk" 473
"../../../Engine/Content/VREditor/TransformGizmo/TranslateArrowHandle.uasset" 474
"../../../Engine/Content/VREditor/TransformGizmo/TranslateArrowHandle.uexp" 475
"../../../Engine/Content/VREditor/TransformGizmo/RotationHandleIndicator.ubulk" 476
"../../../Engine/Content/VREditor/TransformGizmo/RotationHandleIndicator.uasset" 477
"../../../Engine/Content/VREditor/TransformGizmo/RotationHandleIndicator.uexp" 478
"../../../Engine/Content/VREditor/TransformGizmo/UniformScaleHandle.ubulk" 479
"../../../Engine/Content/VREditor/TransformGizmo/UniformScaleHandle.uasset" 480
"../../../Engine/Content/VREditor/TransformGizmo/UniformScaleHandle.uexp" 481
"../../../Engine/Content/VREditor/TransformGizmo/RotationHandleFull.ubulk" 482
"../../../Engine/Content/VREditor/TransformGizmo/RotationHandleFull.uasset" 483
"../../../Engine/Content/VREditor/TransformGizmo/RotationHandleFull.uexp" 484
"../../../Engine/Content/VREditor/Sounds/UI/Object_PickUp.ubulk" 485
"../../../Engine/Content/VREditor/Sounds/UI/Object_PickUp.uasset" 486
"../../../Engine/Content/VREditor/Sounds/UI/Object_PickUp.uexp" 487
"../../../Engine/Content/EngineSounds/Master.uasset" 488
"../../../Engine/Content/EngineSounds/Master.uexp" 489
"../../../Engine/Content/EngineResources/WhiteSquareTexture.uasset" 490
"../../../Engine/Content/EngineResources/WhiteSquareTexture.uexp" 491
"../../../Engine/Content/EngineMaterials/Widget3DPassThrough.uasset" 492
"../../../Engine/Content/EngineMaterials/Widget3DPassThrough.uexp" 493
"../../../Engine/Content/EngineMaterials/Widget3DPassThrough_Translucent.uasset" 494
"../../../Engine/Content/EngineMaterials/Widget3DPassThrough_Translucent.uexp" 495
"../../../Engine/Content/EngineMaterials/Widget3DPassThrough_Translucent_OneSided.uasset" 496
"../../../Engine/Content/EngineMaterials/Widget3DPassThrough_Translucent_OneSided.uexp" 497
"../../../Engine/Content/EngineMaterials/Widget3DPassThrough_Opaque.uasset" 498
"../../../Engine/Content/EngineMaterials/Widget3DPassThrough_Opaque.uexp" 499
"../../../Engine/Content/EngineMaterials/Widget3DPassThrough_Opaque_OneSided.uasset" 500
"../../../Engine/Content/EngineMaterials/Widget3DPassThrough_Opaque_OneSided.uexp" 501
"../../../Engine/Content/EngineMaterials/Widget3DPassThrough_Masked_OneSided.uasset" 502
"../../../Engine/Content/EngineMaterials/Widget3DPassThrough_Masked_OneSided.uexp" 503
"../../../Engine/Content/EngineMaterials/Widget3DPassThrough_Masked.uasset" 504
"../../../Engine/Content/EngineMaterials/Widget3DPassThrough_Masked.uexp" 505
"../../../Engine/Content/EngineMaterials/STBlueNoise_vec2_128x128x64.uasset" 506
"../../../Engine/Content/EngineMaterials/STBlueNoise_vec2_128x128x64.uexp" 507
"../../../Engine/Content/EngineMaterials/STBlueNoise_scalar_128x128x64.uasset" 508
"../../../Engine/Content/EngineMaterials/STBlueNoise_scalar_128x128x64.uexp" 509
"../../../Engine/Content/EngineMaterials/RemoveSurfaceMaterial.uasset" 510
"../../../Engine/Content/EngineMaterials/RemoveSurfaceMaterial.uexp" 511
"../../../Engine/Content/EngineMaterials/DefaultCalibrationGrayscale.uasset" 512
"../../../Engine/Content/EngineMaterials/DefaultCalibrationGrayscale.uexp" 513
"../../../Engine/Content/EngineMaterials/PPM_DefaultCalibrationGrayscale.uasset" 514
"../../../Engine/Content/EngineMaterials/PPM_DefaultCalibrationGrayscale.uexp" 515
"../../../Engine/Content/EngineMaterials/DefaultCalibrationColor.uasset" 516
"../../../Engine/Content/EngineMaterials/DefaultCalibrationColor.uexp" 517
"../../../Engine/Content/EngineMaterials/PPM_DefaultCalibrationColor.uasset" 518
"../../../Engine/Content/EngineMaterials/PPM_DefaultCalibrationColor.uexp" 519
"../../../Engine/Content/EngineMaterials/PhAT_JointLimitMaterial.uasset" 520
"../../../Engine/Content/EngineMaterials/PhAT_JointLimitMaterial.uexp" 521
"../../../Engine/Content/EngineMaterials/NaniteHiddenSectionMaterial.uasset" 522
"../../../Engine/Content/EngineMaterials/NaniteHiddenSectionMaterial.uexp" 523
"../../../Engine/Content/EngineMaterials/InvalidLightmapSettings.ubulk" 524
"../../../Engine/Content/EngineMaterials/InvalidLightmapSettings.uasset" 525
"../../../Engine/Content/EngineMaterials/InvalidLightmapSettings.uexp" 526
"../../../Engine/Content/EngineMaterials/M_InvalidLightmapSettings.uasset" 527
"../../../Engine/Content/EngineMaterials/M_InvalidLightmapSettings.uexp" 528
"../../../Engine/Content/EngineMaterials/GizmoMaterial.uasset" 529
"../../../Engine/Content/EngineMaterials/GizmoMaterial.uexp" 530
"../../../Engine/Content/EngineMaterials/BaseFlattenEmissiveMap_VT.uasset" 531
"../../../Engine/Content/EngineMaterials/BaseFlattenEmissiveMap_VT.uexp" 532
"../../../Engine/Content/EngineMaterials/BaseFlattenGrayscaleMap_VT.uasset" 533
"../../../Engine/Content/EngineMaterials/BaseFlattenGrayscaleMap_VT.uexp" 534
"../../../Engine/Content/EngineMaterials/BaseFlattenLinearColor_VT.uasset" 535
"../../../Engine/Content/EngineMaterials/BaseFlattenLinearColor_VT.uexp" 536
"../../../Engine/Content/EngineMaterials/Black_1x1_EXR_Texture_VT.uasset" 537
"../../../Engine/Content/EngineMaterials/Black_1x1_EXR_Texture_VT.uexp" 538
"../../../Engine/Content/EngineMaterials/BaseFlattenDiffuseMap_VT.uasset" 539
"../../../Engine/Content/EngineMaterials/BaseFlattenDiffuseMap_VT.uexp" 540
"../../../Engine/Content/EngineMaterials/BaseFlattenNormalMap_VT.uasset" 541
"../../../Engine/Content/EngineMaterials/BaseFlattenNormalMap_VT.uexp" 542
"../../../Engine/Content/EngineMaterials/FlattenMaterial_WS_Normal_VT.uasset" 543
"../../../Engine/Content/EngineMaterials/FlattenMaterial_WS_Normal_VT.uexp" 544
"../../../Engine/Content/EngineMaterials/FlattenMaterial_VT.uasset" 545
"../../../Engine/Content/EngineMaterials/FlattenMaterial_VT.uexp" 546
"../../../Engine/Content/EngineMaterials/BaseFlattenNormalMap.uasset" 547
"../../../Engine/Content/EngineMaterials/BaseFlattenNormalMap.uexp" 548
"../../../Engine/Content/EngineMaterials/BaseFlattenGrayscaleMap.uasset" 549
"../../../Engine/Content/EngineMaterials/BaseFlattenGrayscaleMap.uexp" 550
"../../../Engine/Content/EngineMaterials/BaseFlattenDiffuseMap.uasset" 551
"../../../Engine/Content/EngineMaterials/BaseFlattenDiffuseMap.uexp" 552
"../../../Engine/Content/Functions/Engine_MaterialFunctions02/PivotPainter2/Black_1x1_EXR_Texture.uasset" 553
"../../../Engine/Content/Functions/Engine_MaterialFunctions02/PivotPainter2/Black_1x1_EXR_Texture.uexp" 554
"../../../Engine/Content/EngineMaterials/BaseFlattenEmissiveMap.uasset" 555
"../../../Engine/Content/EngineMaterials/BaseFlattenEmissiveMap.uexp" 556
"../../../Engine/Content/EngineMaterials/BaseFlattenLinearColor.uasset" 557
"../../../Engine/Content/EngineMaterials/BaseFlattenLinearColor.uexp" 558
"../../../Engine/Content/EngineMaterials/FlattenMaterial.uasset" 559
"../../../Engine/Content/EngineMaterials/FlattenMaterial.uexp" 560
"../../../Engine/Content/EngineMaterials/DefaultWhiteGrid_Low.uasset" 561
"../../../Engine/Content/EngineMaterials/DefaultWhiteGrid_Low.uexp" 562
"../../../Engine/Content/EngineMaterials/EmissiveMeshMaterial.uasset" 563
"../../../Engine/Content/EngineMaterials/EmissiveMeshMaterial.uexp" 564
"../../../Engine/Content/EngineFonts/RobotoDistanceField.uasset" 565
"../../../Engine/Content/EngineFonts/RobotoDistanceField.uexp" 566
"../../../Engine/Content/EngineMaterials/DefaultTextMaterialOpaque.uasset" 567
"../../../Engine/Content/EngineMaterials/DefaultTextMaterialOpaque.uexp" 568
"../../../Engine/Content/EngineMaterials/DefaultDiffuse.ubulk" 569
"../../../Engine/Content/EngineMaterials/DefaultDiffuse.uasset" 570
"../../../Engine/Content/EngineMaterials/DefaultDiffuse.uexp" 571
"../../../Engine/Content/Functions/Engine_MaterialFunctions02/Utility/BreakOutFloat2Components.uasset" 572
"../../../Engine/Content/Functions/Engine_MaterialFunctions02/Utility/BreakOutFloat2Components.uexp" 573
"../../../Engine/Content/EngineMaterials/DefaultPostProcessMaterial.uasset" 574
"../../../Engine/Content/EngineMaterials/DefaultPostProcessMaterial.uexp" 575
"../../../Engine/Content/EngineMaterials/DefaultPhysicalMaterial.uasset" 576
"../../../Engine/Content/EngineMaterials/DefaultPhysicalMaterial.uexp" 577
"../../../Engine/Content/EngineMaterials/DefaultLightFunctionMaterial.uasset" 578
"../../../Engine/Content/EngineMaterials/DefaultLightFunctionMaterial.uexp" 579
"../../../Engine/Content/EngineMaterials/DefaultDestructiblePhysicalMaterial.uasset" 580
"../../../Engine/Content/EngineMaterials/DefaultDestructiblePhysicalMaterial.uexp" 581
"../../../Engine/Content/EngineMaterials/DefaultDeferredDecalMaterial.uasset" 582
"../../../Engine/Content/EngineMaterials/DefaultDeferredDecalMaterial.uexp" 583
"../../../Engine/Content/EngineMaterials/DefaultBloomKernel.uasset" 584
"../../../Engine/Content/EngineMaterials/DefaultBloomKernel.uexp" 585
"../../../Engine/Content/EngineFonts/Faces/RobotoLight.uexp" 586
"../../../Engine/Content/EngineFonts/Faces/RobotoLight.uasset" 587
"../../../Engine/Content/EngineFonts/Faces/RobotoLight.ufont" 588
"../../../Engine/Content/EngineFonts/Faces/RobotoBold.uexp" 589
"../../../Engine/Content/EngineFonts/Faces/RobotoBold.uasset" 590
"../../../Engine/Content/EngineFonts/Faces/RobotoBold.ufont" 591
"../../../Engine/Content/EngineFonts/Faces/RobotoRegular.uexp" 592
"../../../Engine/Content/EngineFonts/Faces/RobotoRegular.uasset" 593
"../../../Engine/Content/EngineFonts/Faces/RobotoRegular.ufont" 594
"../../../Engine/Content/EngineFonts/Faces/DroidSansFallback.uexp" 595
"../../../Engine/Content/EngineFonts/Faces/DroidSansFallback.uasset" 596
"../../../Engine/Content/EngineFonts/Faces/DroidSansFallback.ufont" 597
"../../../Engine/Content/EngineFonts/Faces/RobotoItalic.uexp" 598
"../../../Engine/Content/EngineFonts/Faces/RobotoItalic.uasset" 599
"../../../Engine/Content/EngineFonts/Faces/RobotoItalic.ufont" 600
"../../../Engine/Content/EngineFonts/Faces/RobotoBoldItalic.uexp" 601
"../../../Engine/Content/EngineFonts/Faces/RobotoBoldItalic.uasset" 602
"../../../Engine/Content/EngineFonts/Faces/RobotoBoldItalic.ufont" 603
"../../../Engine/Content/EngineFonts/Roboto.uasset" 604
"../../../Engine/Content/EngineFonts/Roboto.uexp" 605
"../../../Engine/Content/EngineDebugMaterials/VolumeToRender.uasset" 606
"../../../Engine/Content/EngineDebugMaterials/VolumeToRender.uexp" 607
"../../../Engine/Content/EngineDebugMaterials/M_VolumeRenderSphereTracePP.uasset" 608
"../../../Engine/Content/EngineDebugMaterials/M_VolumeRenderSphereTracePP.uexp" 609
"../../../Engine/Content/EngineDebugMaterials/M_SimpleUnlitTranslucent.uasset" 610
"../../../Engine/Content/EngineDebugMaterials/M_SimpleUnlitTranslucent.uexp" 611
"../../../Engine/Content/EngineDebugMaterials/DebugMeshMaterial.uasset" 612
"../../../Engine/Content/EngineDebugMaterials/DebugMeshMaterial.uexp" 613
"../../../Engine/Content/EngineDebugMaterials/DebugEditorMaterial.uasset" 614
"../../../Engine/Content/EngineDebugMaterials/DebugEditorMaterial.uexp" 615
"../../../Engine/Content/EngineDamageTypes/DmgTypeBP_Environmental.uasset" 616
"../../../Engine/Content/EngineDamageTypes/DmgTypeBP_Environmental.uexp" 617
"../../../Engine/Content/EditorResources/S_Terrain.ubulk" 618
"../../../Engine/Content/EditorResources/S_Terrain.uasset" 619
"../../../Engine/Content/EditorResources/S_Terrain.uexp" 620
"../../../Engine/Content/EditorResources/EmptyActor.uasset" 621
"../../../Engine/Content/EditorResources/EmptyActor.uexp" 622
"../../../Engine/Content/EditorResources/BSPVertex.uasset" 623
"../../../Engine/Content/EditorResources/BSPVertex.uexp" 624
"../../../Engine/Content/EditorMaterials/PreviewShadowIndicator.ubulk" 625
"../../../Engine/Content/EditorMaterials/PreviewShadowIndicator.uasset" 626
"../../../Engine/Content/EditorMaterials/PreviewShadowIndicator.uexp" 627
"../../../Engine/Content/EditorMaterials/PreviewShadowIndicatorMaterial.uasset" 628
"../../../Engine/Content/EditorMaterials/PreviewShadowIndicatorMaterial.uexp" 629
"../../../Engine/Content/EditorMaterials/PhAT_UnselectedMaterial.uasset" 630
"../../../Engine/Content/EditorMaterials/PhAT_UnselectedMaterial.uexp" 631
"../../../Engine/Content/EditorMaterials/PhAT_NoCollisionMaterial.uasset" 632
"../../../Engine/Content/EditorMaterials/PhAT_NoCollisionMaterial.uexp" 633
"../../../Engine/Content/EditorLandscapeResources/DefaultAlphaTexture.uasset" 634
"../../../Engine/Content/EditorLandscapeResources/DefaultAlphaTexture.uexp" 635
"../../../Engine/Content/EditorLandscapeResources/DataLayer.uasset" 636
"../../../Engine/Content/EditorLandscapeResources/DataLayer.uexp" 637
"../../../Engine/Content/EngineMaterials/DefaultMaterial.uasset" 638
"../../../Engine/Content/EngineMaterials/DefaultMaterial.uexp" 639
"../../../Engine/Content/BasicShapes/Cylinder.ubulk" 640
"../../../Engine/Content/BasicShapes/Cylinder.uasset" 641
"../../../Engine/Content/BasicShapes/Cylinder.uexp" 642
"../../../Engine/Content/BasicShapes/Cone.ubulk" 643
"../../../Engine/Content/BasicShapes/Cone.uasset" 644
"../../../Engine/Content/BasicShapes/Cone.uexp" 645
"../../../Engine/Content/Animation/DefaultRecorderBoneCompression.uasset" 646
"../../../Engine/Content/Animation/DefaultRecorderBoneCompression.uexp" 647
"../../../Engine/Plugins/Interchange/Runtime/Content/gltf/MaterialFunctions/MF_RotateV2.uasset" 648
"../../../Engine/Plugins/Interchange/Runtime/Content/gltf/MaterialFunctions/MF_RotateV2.uexp" 649
"../../../Engine/Plugins/Interchange/Runtime/Content/gltf/MaterialFunctions/MF_TransformUVs.uasset" 650
"../../../Engine/Plugins/Interchange/Runtime/Content/gltf/MaterialFunctions/MF_TransformUVs.uexp" 651
"../../../Engine/Plugins/Interchange/Runtime/Content/gltf/Textures/T_White_srgb.uasset" 652
"../../../Engine/Plugins/Interchange/Runtime/Content/gltf/Textures/T_White_srgb.uexp" 653
"../../../Engine/Plugins/Interchange/Runtime/Content/gltf/MaterialFunctions/MF_BaseColor.uasset" 654
"../../../Engine/Plugins/Interchange/Runtime/Content/gltf/MaterialFunctions/MF_BaseColor.uexp" 655
"../../../Engine/Plugins/Interchange/Runtime/Content/gltf/MaterialBodies/MF_Unlit_Body.uasset" 656
"../../../Engine/Plugins/Interchange/Runtime/Content/gltf/MaterialBodies/MF_Unlit_Body.uexp" 657
"../../../Engine/Plugins/Interchange/Runtime/Content/gltf/M_Unlit.uasset" 658
"../../../Engine/Plugins/Interchange/Runtime/Content/gltf/M_Unlit.uexp" 659
"../../../Engine/Plugins/Interchange/Runtime/Content/gltf/MaterialInstances/MI_Unlit_Opaque_DS.uasset" 660
"../../../Engine/Plugins/Interchange/Runtime/Content/gltf/MaterialInstances/MI_Unlit_Opaque_DS.uexp" 661
"../../../Engine/Plugins/Interchange/Runtime/Content/gltf/MaterialInstances/MI_Unlit_Opaque.uasset" 662
"../../../Engine/Plugins/Interchange/Runtime/Content/gltf/MaterialInstances/MI_Unlit_Opaque.uexp" 663
"../../../Engine/Plugins/Interchange/Runtime/Content/gltf/MaterialInstances/MI_Unlit_Mask_DS.uasset" 664
"../../../Engine/Plugins/Interchange/Runtime/Content/gltf/MaterialInstances/MI_Unlit_Mask_DS.uexp" 665
"../../../Engine/Plugins/Interchange/Runtime/Content/gltf/MaterialInstances/MI_Unlit_Mask.uasset" 666
"../../../Engine/Plugins/Interchange/Runtime/Content/gltf/MaterialInstances/MI_Unlit_Mask.uexp" 667
"../../../Engine/Plugins/Interchange/Runtime/Content/gltf/MaterialInstances/MI_Unlit_Blend_DS.uasset" 668
"../../../Engine/Plugins/Interchange/Runtime/Content/gltf/MaterialInstances/MI_Unlit_Blend_DS.uexp" 669
"../../../Engine/Plugins/Interchange/Runtime/Content/gltf/MaterialInstances/MI_Unlit_Blend.uasset" 670
"../../../Engine/Plugins/Interchange/Runtime/Content/gltf/MaterialInstances/MI_Unlit_Blend.uexp" 671
"../../../Engine/Plugins/Interchange/Runtime/Content/gltf/MaterialFunctions/MF_Iridescence.uasset" 672
"../../../Engine/Plugins/Interchange/Runtime/Content/gltf/MaterialFunctions/MF_Iridescence.uexp" 673
"../../../Engine/Plugins/Interchange/Runtime/Content/gltf/Textures/T_White_Linear.uasset" 674
"../../../Engine/Plugins/Interchange/Runtime/Content/gltf/Textures/T_White_Linear.uexp" 675
"../../../Engine/Plugins/Interchange/Runtime/Content/gltf/MaterialFunctions/MF_MetallicRoughness.uasset" 676
"../../../Engine/Plugins/Interchange/Runtime/Content/gltf/MaterialFunctions/MF_MetallicRoughness.uexp" 677
"../../../Engine/Plugins/Interchange/Runtime/Content/gltf/MaterialFunctions/MF_Transmission.uasset" 678
"../../../Engine/Plugins/Interchange/Runtime/Content/gltf/MaterialFunctions/MF_Transmission.uexp" 679
"../../../Engine/Plugins/Interchange/Runtime/Content/gltf/MaterialFunctions/MF_Occlusion.uasset" 680
"../../../Engine/Plugins/Interchange/Runtime/Content/gltf/MaterialFunctions/MF_Occlusion.uexp" 681
"../../../Engine/Plugins/Interchange/Runtime/Content/gltf/MaterialFunctions/MF_Specular.uasset" 682
"../../../Engine/Plugins/Interchange/Runtime/Content/gltf/MaterialFunctions/MF_Specular.uexp" 683
"../../../Engine/Plugins/Interchange/Runtime/Content/gltf/MaterialFunctions/MF_IOR.uasset" 684
"../../../Engine/Plugins/Interchange/Runtime/Content/gltf/MaterialFunctions/MF_IOR.uexp" 685
"../../../Engine/Plugins/Interchange/Runtime/Content/gltf/MaterialFunctions/MF_RotateNormals_TS.uasset" 686
"../../../Engine/Plugins/Interchange/Runtime/Content/gltf/MaterialFunctions/MF_RotateNormals_TS.uexp" 687
"../../../Engine/Plugins/Interchange/Runtime/Content/gltf/Textures/T_Generic_N.uasset" 688
"../../../Engine/Plugins/Interchange/Runtime/Content/gltf/Textures/T_Generic_N.uexp" 689
"../../../Engine/Plugins/Interchange/Runtime/Content/gltf/MaterialFunctions/MF_Normals.uasset" 690
"../../../Engine/Plugins/Interchange/Runtime/Content/gltf/MaterialFunctions/MF_Normals.uexp" 691
"../../../Engine/Plugins/Interchange/Runtime/Content/gltf/MaterialBodies/MF_Transmission_Body.uasset" 692
"../../../Engine/Plugins/Interchange/Runtime/Content/gltf/MaterialBodies/MF_Transmission_Body.uexp" 693
"../../../Engine/Plugins/Interchange/Runtime/Content/gltf/M_Transmission.uasset" 694
"../../../Engine/Plugins/Interchange/Runtime/Content/gltf/M_Transmission.uexp" 695
"../../../Engine/Plugins/Interchange/Runtime/Content/gltf/MaterialInstances/MI_Transmission_DS.uasset" 696
"../../../Engine/Plugins/Interchange/Runtime/Content/gltf/MaterialInstances/MI_Transmission_DS.uexp" 697
"../../../Engine/Plugins/Interchange/Runtime/Content/gltf/MaterialInstances/MI_Transmission.uasset" 698
"../../../Engine/Plugins/Interchange/Runtime/Content/gltf/MaterialInstances/MI_Transmission.uexp" 699
"../../../Engine/Plugins/Interchange/Runtime/Content/gltf/MaterialFunctions/MF_DiffuseSpecGloss.uasset" 700
"../../../Engine/Plugins/Interchange/Runtime/Content/gltf/MaterialFunctions/MF_DiffuseSpecGloss.uexp" 701
"../../../Engine/Content/Functions/Engine_MaterialFunctions02/Math/AddComponents.uasset" 702
"../../../Engine/Content/Functions/Engine_MaterialFunctions02/Math/AddComponents.uexp" 703
"../../../Engine/Plugins/Interchange/Runtime/Content/gltf/MaterialFunctions/MF_PerceivedBrightness.uasset" 704
"../../../Engine/Plugins/Interchange/Runtime/Content/gltf/MaterialFunctions/MF_PerceivedBrightness.uexp" 705
"../../../Engine/Plugins/Interchange/Runtime/Content/gltf/MaterialFunctions/MF_Emissive.uasset" 706
"../../../Engine/Plugins/Interchange/Runtime/Content/gltf/MaterialFunctions/MF_Emissive.uexp" 707
"../../../Engine/Plugins/Interchange/Runtime/Content/gltf/MaterialFunctions/MF_SpecGlossToMetalRoughness.uasset" 708
"../../../Engine/Plugins/Interchange/Runtime/Content/gltf/MaterialFunctions/MF_SpecGlossToMetalRoughness.uexp" 709
"../../../Engine/Plugins/Interchange/Runtime/Content/gltf/MaterialBodies/MF_SpecularGlossiness_Body.uasset" 710
"../../../Engine/Plugins/Interchange/Runtime/Content/gltf/MaterialBodies/MF_SpecularGlossiness_Body.uexp" 711
"../../../Engine/Plugins/Interchange/Runtime/Content/gltf/M_SpecularGlossiness.uasset" 712
"../../../Engine/Plugins/Interchange/Runtime/Content/gltf/M_SpecularGlossiness.uexp" 713
"../../../Engine/Plugins/Interchange/Runtime/Content/gltf/MaterialInstances/MI_SpecularGlossiness_Opaque_DS.uasset" 714
"../../../Engine/Plugins/Interchange/Runtime/Content/gltf/MaterialInstances/MI_SpecularGlossiness_Opaque_DS.uexp" 715
"../../../Engine/Plugins/Interchange/Runtime/Content/gltf/MaterialInstances/MI_SpecularGlossiness_Opaque.uasset" 716
"../../../Engine/Plugins/Interchange/Runtime/Content/gltf/MaterialInstances/MI_SpecularGlossiness_Opaque.uexp" 717
"../../../Engine/Plugins/Interchange/Runtime/Content/gltf/MaterialInstances/MI_SpecularGlossiness_Mask_DS.uasset" 718
"../../../Engine/Plugins/Interchange/Runtime/Content/gltf/MaterialInstances/MI_SpecularGlossiness_Mask_DS.uexp" 719
"../../../Engine/Plugins/Interchange/Runtime/Content/gltf/MaterialInstances/MI_SpecularGlossiness_Mask.uasset" 720
"../../../Engine/Plugins/Interchange/Runtime/Content/gltf/MaterialInstances/MI_SpecularGlossiness_Mask.uexp" 721
"../../../Engine/Plugins/Interchange/Runtime/Content/gltf/MaterialInstances/MI_SpecularGlossiness_Blend_DS.uasset" 722
"../../../Engine/Plugins/Interchange/Runtime/Content/gltf/MaterialInstances/MI_SpecularGlossiness_Blend_DS.uexp" 723
"../../../Engine/Plugins/Interchange/Runtime/Content/gltf/MaterialInstances/MI_SpecularGlossiness_Blend.uasset" 724
"../../../Engine/Plugins/Interchange/Runtime/Content/gltf/MaterialInstances/MI_SpecularGlossiness_Blend.uexp" 725
"../../../Engine/Plugins/Interchange/Runtime/Content/gltf/MaterialFunctions/MF_Sheen.uasset" 726
"../../../Engine/Plugins/Interchange/Runtime/Content/gltf/MaterialFunctions/MF_Sheen.uexp" 727
"../../../Engine/Plugins/Interchange/Runtime/Content/gltf/MaterialBodies/MF_Sheen_Body.uasset" 728
"../../../Engine/Plugins/Interchange/Runtime/Content/gltf/MaterialBodies/MF_Sheen_Body.uexp" 729
"../../../Engine/Plugins/Interchange/Runtime/Content/gltf/M_Sheen.uasset" 730
"../../../Engine/Plugins/Interchange/Runtime/Content/gltf/M_Sheen.uexp" 731
"../../../Engine/Plugins/Interchange/Runtime/Content/gltf/MaterialInstances/MI_Sheen_Opaque_DS.uasset" 732
"../../../Engine/Plugins/Interchange/Runtime/Content/gltf/MaterialInstances/MI_Sheen_Opaque_DS.uexp" 733
"../../../Engine/Plugins/Interchange/Runtime/Content/gltf/MaterialInstances/MI_Sheen_Opaque.uasset" 734
"../../../Engine/Plugins/Interchange/Runtime/Content/gltf/MaterialInstances/MI_Sheen_Opaque.uexp" 735
"../../../Engine/Plugins/Interchange/Runtime/Content/gltf/MaterialInstances/MI_Sheen_Mask_DS.uasset" 736
"../../../Engine/Plugins/Interchange/Runtime/Content/gltf/MaterialInstances/MI_Sheen_Mask_DS.uexp" 737
"../../../Engine/Plugins/Interchange/Runtime/Content/gltf/MaterialInstances/MI_Sheen_Mask.uasset" 738
"../../../Engine/Plugins/Interchange/Runtime/Content/gltf/MaterialInstances/MI_Sheen_Mask.uexp" 739
"../../../Engine/Plugins/Interchange/Runtime/Content/gltf/MaterialInstances/MI_Sheen_Blend_DS.uasset" 740
"../../../Engine/Plugins/Interchange/Runtime/Content/gltf/MaterialInstances/MI_Sheen_Blend_DS.uexp" 741
"../../../Engine/Plugins/Interchange/Runtime/Content/gltf/MaterialInstances/MI_Sheen_Blend.uasset" 742
"../../../Engine/Plugins/Interchange/Runtime/Content/gltf/MaterialInstances/MI_Sheen_Blend.uexp" 743
"../../../Engine/Plugins/Interchange/Runtime/Content/gltf/MaterialBodies/MF_Default_Body.uasset" 744
"../../../Engine/Plugins/Interchange/Runtime/Content/gltf/MaterialBodies/MF_Default_Body.uexp" 745
"../../../Engine/Plugins/Interchange/Runtime/Content/gltf/M_Default.uasset" 746
"../../../Engine/Plugins/Interchange/Runtime/Content/gltf/M_Default.uexp" 747
"../../../Engine/Plugins/Interchange/Runtime/Content/gltf/MaterialInstances/MI_Default_Opaque_DS.uasset" 748
"../../../Engine/Plugins/Interchange/Runtime/Content/gltf/MaterialInstances/MI_Default_Opaque_DS.uexp" 749
"../../../Engine/Plugins/Interchange/Runtime/Content/gltf/MaterialInstances/MI_Default_Opaque.uasset" 750
"../../../Engine/Plugins/Interchange/Runtime/Content/gltf/MaterialInstances/MI_Default_Opaque.uexp" 751
"../../../Engine/Plugins/Interchange/Runtime/Content/gltf/MaterialInstances/MI_Default_Mask_DS.uasset" 752
"../../../Engine/Plugins/Interchange/Runtime/Content/gltf/MaterialInstances/MI_Default_Mask_DS.uexp" 753
"../../../Engine/Plugins/Interchange/Runtime/Content/gltf/MaterialInstances/MI_Default_Mask.uasset" 754
"../../../Engine/Plugins/Interchange/Runtime/Content/gltf/MaterialInstances/MI_Default_Mask.uexp" 755
"../../../Engine/Plugins/Interchange/Runtime/Content/gltf/MaterialInstances/MI_Default_Blend_DS.uasset" 756
"../../../Engine/Plugins/Interchange/Runtime/Content/gltf/MaterialInstances/MI_Default_Blend_DS.uexp" 757
"../../../Engine/Plugins/Interchange/Runtime/Content/gltf/MaterialInstances/MI_Default_Blend.uasset" 758
"../../../Engine/Plugins/Interchange/Runtime/Content/gltf/MaterialInstances/MI_Default_Blend.uexp" 759
"../../../Engine/Content/Functions/Engine_MaterialFunctions01/Texturing/FlattenNormal.uasset" 760
"../../../Engine/Content/Functions/Engine_MaterialFunctions01/Texturing/FlattenNormal.uexp" 761
"../../../Engine/Plugins/Interchange/Runtime/Content/gltf/MaterialFunctions/MF_Clearcoat.uasset" 762
"../../../Engine/Plugins/Interchange/Runtime/Content/gltf/MaterialFunctions/MF_Clearcoat.uexp" 763
"../../../Engine/Plugins/Interchange/Runtime/Content/gltf/MaterialBodies/MF_ClearCoat_Body.uasset" 764
"../../../Engine/Plugins/Interchange/Runtime/Content/gltf/MaterialBodies/MF_ClearCoat_Body.uexp" 765
"../../../Engine/Plugins/Interchange/Runtime/Content/gltf/M_ClearCoat.uasset" 766
"../../../Engine/Plugins/Interchange/Runtime/Content/gltf/M_ClearCoat.uexp" 767
"../../../Engine/Plugins/Interchange/Runtime/Content/gltf/MaterialInstances/MI_ClearCoat_Opaque_DS.uasset" 768
"../../../Engine/Plugins/Interchange/Runtime/Content/gltf/MaterialInstances/MI_ClearCoat_Opaque_DS.uexp" 769
"../../../Engine/Plugins/Interchange/Runtime/Content/gltf/MaterialInstances/MI_ClearCoat_Opaque.uasset" 770
"../../../Engine/Plugins/Interchange/Runtime/Content/gltf/MaterialInstances/MI_ClearCoat_Opaque.uexp" 771
"../../../Engine/Plugins/Interchange/Runtime/Content/gltf/MaterialInstances/MI_ClearCoat_Mask_DS.uasset" 772
"../../../Engine/Plugins/Interchange/Runtime/Content/gltf/MaterialInstances/MI_ClearCoat_Mask_DS.uexp" 773
"../../../Engine/Plugins/Interchange/Runtime/Content/gltf/MaterialInstances/MI_ClearCoat_Mask.uasset" 774
"../../../Engine/Plugins/Interchange/Runtime/Content/gltf/MaterialInstances/MI_ClearCoat_Mask.uexp" 775
"../../../Engine/Plugins/Interchange/Runtime/Content/gltf/MaterialInstances/MI_ClearCoat_Blend_DS.uasset" 776
"../../../Engine/Plugins/Interchange/Runtime/Content/gltf/MaterialInstances/MI_ClearCoat_Blend_DS.uexp" 777
"../../../Engine/Plugins/Interchange/Runtime/Content/gltf/MaterialInstances/MI_ClearCoat_Blend.uasset" 778
"../../../Engine/Plugins/Interchange/Runtime/Content/gltf/MaterialInstances/MI_ClearCoat_Blend.uexp" 779
"../../../Engine/Content/MobileResources/HUD/VirtualJoystick_Background.uasset" 780
"../../../Engine/Content/MobileResources/HUD/VirtualJoystick_Background.uexp" 781
"../../../Engine/Content/MobileResources/HUD/VirtualJoystick_Thumb.uasset" 782
"../../../Engine/Content/MobileResources/HUD/VirtualJoystick_Thumb.uexp" 783
"../../../Engine/Content/MobileResources/HUD/DefaultVirtualJoysticks.uasset" 784
"../../../Engine/Content/MobileResources/HUD/DefaultVirtualJoysticks.uexp" 785
"../../../Engine/Content/Functions/Engine_MaterialFunctions01/Shading/PowerToRoughness.uasset" 786
"../../../Engine/Content/Functions/Engine_MaterialFunctions01/Shading/PowerToRoughness.uexp" 787
"../../../Engine/Content/Functions/Engine_MaterialFunctions01/Shading/ConvertFromDiffSpec.uasset" 788
"../../../Engine/Content/Functions/Engine_MaterialFunctions01/Shading/ConvertFromDiffSpec.uexp" 789
"../../../Engine/Content/EngineSky/VolumetricClouds/CloudWeatherTexture.uasset" 790
"../../../Engine/Content/EngineSky/VolumetricClouds/CloudWeatherTexture.uexp" 791
"../../../Engine/Content/Functions/Engine_MaterialFunctions02/Utility/MakeFloat2.uasset" 792
"../../../Engine/Content/Functions/Engine_MaterialFunctions02/Utility/MakeFloat2.uexp" 793
"../../../Engine/Content/EngineSky/VolumetricClouds/CloudGradientTexture.uasset" 794
"../../../Engine/Content/EngineSky/VolumetricClouds/CloudGradientTexture.uexp" 795
"../../../Engine/Content/EngineSky/VolumetricClouds/T_NoiseShape64.ubulk" 796
"../../../Engine/Content/EngineSky/VolumetricClouds/T_NoiseShape64.uasset" 797
"../../../Engine/Content/EngineSky/VolumetricClouds/T_NoiseShape64.uexp" 798
"../../../Engine/Content/EngineSky/VolumetricClouds/T_VolumeNoiseShape64.uasset" 799
"../../../Engine/Content/EngineSky/VolumetricClouds/T_VolumeNoiseShape64.uexp" 800
"../../../Engine/Content/EngineSky/VolumetricClouds/T_NoiseErosion.ubulk" 801
"../../../Engine/Content/EngineSky/VolumetricClouds/T_NoiseErosion.uasset" 802
"../../../Engine/Content/EngineSky/VolumetricClouds/T_NoiseErosion.uexp" 803
"../../../Engine/Content/EngineSky/VolumetricClouds/T_VolumeNoiseErosion32.uasset" 804
"../../../Engine/Content/EngineSky/VolumetricClouds/T_VolumeNoiseErosion32.uexp" 805
"../../../Engine/Content/EngineSky/VolumetricClouds/m_SimpleVolumetricCloud.uasset" 806
"../../../Engine/Content/EngineSky/VolumetricClouds/m_SimpleVolumetricCloud.uexp" 807
"../../../Engine/Content/EngineSky/VolumetricClouds/m_SimpleVolumetricCloud_Inst.uasset" 808
"../../../Engine/Content/EngineSky/VolumetricClouds/m_SimpleVolumetricCloud_Inst.uexp" 809
"../../../Engine/Content/EngineResources/FilmGrains/Marcie_Grain_v3_128_M2_000.uasset" 810
"../../../Engine/Content/EngineResources/FilmGrains/Marcie_Grain_v3_128_M2_000.uexp" 811
"../../../Engine/Content/EngineMaterials/Substrate/Volume/SubstrateSimpleVolumeLUT3D.uasset" 812
"../../../Engine/Content/EngineMaterials/Substrate/Volume/SubstrateSimpleVolumeLUT3D.uexp" 813
"../../../Engine/Content/EngineMaterials/Substrate/Volume/SubstrateSimpleVolumeEnvLUT3D.uasset" 814
"../../../Engine/Content/EngineMaterials/Substrate/Volume/SubstrateSimpleVolumeEnvLUT3D.uexp" 815
"../../../Engine/Content/EngineMaterials/Substrate/GLints2/AGlintTex2dArray2.uasset" 816
"../../../Engine/Content/EngineMaterials/Substrate/GLints2/AGlintTex2dArray2.uexp" 817
"../../../Engine/Content/EngineMaterials/Substrate/GLints/AGlintTex2dArray.uasset" 818
"../../../Engine/Content/EngineMaterials/Substrate/GLints/AGlintTex2dArray.uexp" 819
"../../../Engine/Content/EditorResources/SequenceRecorder/RecordingIndicator.uasset" 820
"../../../Engine/Content/EditorResources/SequenceRecorder/RecordingIndicator.uexp" 821
"../../../Engine/Content/EditorResources/SequenceRecorder/Countdown.uasset" 822
"../../../Engine/Content/EditorResources/SequenceRecorder/Countdown.uexp" 823
"../../../Engine/Content/EditorMaterials/Dataflow/DataflowVertexMaterial.uasset" 824
"../../../Engine/Content/EditorMaterials/Dataflow/DataflowVertexMaterial.uexp" 825
"../../../Engine/Content/Maps/Entry_BuiltData.uasset" 826
"../../../Engine/Content/Maps/Entry_BuiltData.uexp" 827
"../../../Engine/Content/Maps/Entry.uexp" 828
"../../../Engine/Content/Maps/Entry.umap" 829
"F:/UCA Files and Folders/Technical Art/TechnicalArt_24_25_Copy/Content/Dynamic/Blueprints/BP_MenuPawn.uasset" 830
"F:/UCA Files and Folders/Technical Art/TechnicalArt_24_25_Copy/Content/Dynamic/Blueprints/BP_MenuPawn.uexp" 831
"F:/UCA Files and Folders/Technical Art/TechnicalArt_24_25_Copy/Content/Static/UI/ChargerScreenShot.uasset" 832
"F:/UCA Files and Folders/Technical Art/TechnicalArt_24_25_Copy/Content/Static/UI/ChargerScreenShot.uexp" 833
"F:/UCA Files and Folders/Technical Art/TechnicalArt_24_25_Copy/Content/Static/UI/UI_Credits.uasset" 834
"F:/UCA Files and Folders/Technical Art/TechnicalArt_24_25_Copy/Content/Static/UI/UI_Credits.uexp" 835
"F:/UCA Files and Folders/Technical Art/TechnicalArt_24_25_Copy/Content/Static/UI/UI_Options.uasset" 836
"F:/UCA Files and Folders/Technical Art/TechnicalArt_24_25_Copy/Content/Static/UI/UI_Options.uexp" 837
"F:/UCA Files and Folders/Technical Art/TechnicalArt_24_25_Copy/Content/Static/UI/UI_Controls.uasset" 838
"F:/UCA Files and Folders/Technical Art/TechnicalArt_24_25_Copy/Content/Static/UI/UI_Controls.uexp" 839
"F:/UCA Files and Folders/Technical Art/TechnicalArt_24_25_Copy/Content/Static/UI/Charger2.uasset" 840
"F:/UCA Files and Folders/Technical Art/TechnicalArt_24_25_Copy/Content/Static/UI/Charger2.uexp" 841
"F:/UCA Files and Folders/Technical Art/TechnicalArt_24_25_Copy/Content/Static/UI/IntroCharger2.uasset" 842
"F:/UCA Files and Folders/Technical Art/TechnicalArt_24_25_Copy/Content/Static/UI/IntroCharger2.uexp" 843
"F:/UCA Files and Folders/Technical Art/TechnicalArt_24_25_Copy/Content/Static/UI/Charger1.uasset" 844
"F:/UCA Files and Folders/Technical Art/TechnicalArt_24_25_Copy/Content/Static/UI/Charger1.uexp" 845
"F:/UCA Files and Folders/Technical Art/TechnicalArt_24_25_Copy/Content/Static/UI/IntroCharger1.uasset" 846
"F:/UCA Files and Folders/Technical Art/TechnicalArt_24_25_Copy/Content/Static/UI/IntroCharger1.uexp" 847
"F:/UCA Files and Folders/Technical Art/TechnicalArt_24_25_Copy/Content/Static/UI/UI_MainMenu.uasset" 848
"F:/UCA Files and Folders/Technical Art/TechnicalArt_24_25_Copy/Content/Static/UI/UI_MainMenu.uexp" 849
"F:/UCA Files and Folders/Technical Art/TechnicalArt_24_25_Copy/Content/Dynamic/Blueprints/BP_MenuController.uasset" 850
"F:/UCA Files and Folders/Technical Art/TechnicalArt_24_25_Copy/Content/Dynamic/Blueprints/BP_MenuController.uexp" 851
"F:/UCA Files and Folders/Technical Art/TechnicalArt_24_25_Copy/Content/Dynamic/Maps/MainMenuGameMode.uasset" 852
"F:/UCA Files and Folders/Technical Art/TechnicalArt_24_25_Copy/Content/Dynamic/Maps/MainMenuGameMode.uexp" 853
"F:/UCA Files and Folders/Technical Art/TechnicalArt_24_25_Copy/Content/Dynamic/Maps/MainMenuMap_BuiltData.uasset" 854
"F:/UCA Files and Folders/Technical Art/TechnicalArt_24_25_Copy/Content/Dynamic/Maps/MainMenuMap_BuiltData.uexp" 855
"F:/UCA Files and Folders/Technical Art/TechnicalArt_24_25_Copy/Content/Dynamic/Maps/MainMenuMap.uexp" 856
"F:/UCA Files and Folders/Technical Art/TechnicalArt_24_25_Copy/Content/Dynamic/Maps/MainMenuMap.umap" 857
"../../../Engine/Content/BasicShapes/Cube.ubulk" 858
"../../../Engine/Content/BasicShapes/Cube.uasset" 859
"../../../Engine/Content/BasicShapes/Cube.uexp" 860
"../../../Engine/Content/BasicShapes/Plane.ubulk" 861
"../../../Engine/Content/BasicShapes/Plane.uasset" 862
"../../../Engine/Content/BasicShapes/Plane.uexp" 863
"F:/UCA Files and Folders/Technical Art/TechnicalArt_24_25_Copy/Content/Static/AliveTextures/TEXT_BzzTunnel/Alive_Buzzsaw_Tunnel_13102024_standardSurface1_OcclusionRoughnessMetallic.ubulk" 864
"F:/UCA Files and Folders/Technical Art/TechnicalArt_24_25_Copy/Content/Static/AliveTextures/TEXT_BzzTunnel/Alive_Buzzsaw_Tunnel_13102024_standardSurface1_OcclusionRoughnessMetallic.uasset" 865
"F:/UCA Files and Folders/Technical Art/TechnicalArt_24_25_Copy/Content/Static/AliveTextures/TEXT_BzzTunnel/Alive_Buzzsaw_Tunnel_13102024_standardSurface1_OcclusionRoughnessMetallic.uexp" 866
"F:/UCA Files and Folders/Technical Art/TechnicalArt_24_25_Copy/Content/Static/AliveTextures/TEXT_BzzTunnel/Alive_Buzzsaw_Tunnel_13102024_standardSurface1_Normal.ubulk" 867
"F:/UCA Files and Folders/Technical Art/TechnicalArt_24_25_Copy/Content/Static/AliveTextures/TEXT_BzzTunnel/Alive_Buzzsaw_Tunnel_13102024_standardSurface1_Normal.uasset" 868
"F:/UCA Files and Folders/Technical Art/TechnicalArt_24_25_Copy/Content/Static/AliveTextures/TEXT_BzzTunnel/Alive_Buzzsaw_Tunnel_13102024_standardSurface1_Normal.uexp" 869
"F:/UCA Files and Folders/Technical Art/TechnicalArt_24_25_Copy/Content/Static/AliveTextures/TEXT_BzzTunnel/Alive_Buzzsaw_Tunnel_13102024_standardSurface1_BaseColor.ubulk" 870
"F:/UCA Files and Folders/Technical Art/TechnicalArt_24_25_Copy/Content/Static/AliveTextures/TEXT_BzzTunnel/Alive_Buzzsaw_Tunnel_13102024_standardSurface1_BaseColor.uasset" 871
"F:/UCA Files and Folders/Technical Art/TechnicalArt_24_25_Copy/Content/Static/AliveTextures/TEXT_BzzTunnel/Alive_Buzzsaw_Tunnel_13102024_standardSurface1_BaseColor.uexp" 872
"F:/UCA Files and Folders/Technical Art/TechnicalArt_24_25_Copy/Content/Static/3DAliveAssets/BuzzsawTunnel/MAT_BzzTunnel.uasset" 873
"F:/UCA Files and Folders/Technical Art/TechnicalArt_24_25_Copy/Content/Static/3DAliveAssets/BuzzsawTunnel/MAT_BzzTunnel.uexp" 874
"F:/UCA Files and Folders/Technical Art/TechnicalArt_24_25_Copy/Content/Static/3DAliveAssets/BuzzsawTunnel/SM_BuzzsawTunnel.ubulk" 875
"F:/UCA Files and Folders/Technical Art/TechnicalArt_24_25_Copy/Content/Static/3DAliveAssets/BuzzsawTunnel/SM_BuzzsawTunnel.uasset" 876
"F:/UCA Files and Folders/Technical Art/TechnicalArt_24_25_Copy/Content/Static/3DAliveAssets/BuzzsawTunnel/SM_BuzzsawTunnel.uexp" 877
"F:/UCA Files and Folders/Technical Art/TechnicalArt_24_25_Copy/Content/Dynamic/Blueprints/BP_RotatorTunnel.uasset" 878
"F:/UCA Files and Folders/Technical Art/TechnicalArt_24_25_Copy/Content/Dynamic/Blueprints/BP_RotatorTunnel.uexp" 879
"F:/UCA Files and Folders/Technical Art/TechnicalArt_24_25_Copy/Content/Dynamic/Input/Actions/IA_Throw.uasset" 880
"F:/UCA Files and Folders/Technical Art/TechnicalArt_24_25_Copy/Content/Dynamic/Input/Actions/IA_Throw.uexp" 881
"../../../Engine/Plugins/Animation/ACLPlugin/Content/ACLAnimBoneCompressionSettings.uasset" 882
"../../../Engine/Plugins/Animation/ACLPlugin/Content/ACLAnimBoneCompressionSettings.uexp" 883
"../../../Engine/Content/Animation/DefaultVariableFrameStrippingSettings.uasset" 884
"../../../Engine/Content/Animation/DefaultVariableFrameStrippingSettings.uexp" 885
"F:/UCA Files and Folders/Technical Art/TechnicalArt_24_25_Copy/Content/Static/ImportedMixamoCharger/Temp_PlayerCharacter/Alive_Charger_22102024__1__Skeleton.uasset" 886
"F:/UCA Files and Folders/Technical Art/TechnicalArt_24_25_Copy/Content/Static/ImportedMixamoCharger/Temp_PlayerCharacter/Alive_Charger_22102024__1__Skeleton.uexp" 887
"../../../Engine/Plugins/Animation/ACLPlugin/Content/ACLAnimCurveCompressionSettings.uasset" 888
"../../../Engine/Plugins/Animation/ACLPlugin/Content/ACLAnimCurveCompressionSettings.uexp" 889
"F:/UCA Files and Folders/Technical Art/TechnicalArt_24_25_Copy/Content/Static/Animations/RetargetedAnimations/Idle.uasset" 890
"F:/UCA Files and Folders/Technical Art/TechnicalArt_24_25_Copy/Content/Static/Animations/RetargetedAnimations/Idle.uexp" 891
"F:/UCA Files and Folders/Technical Art/TechnicalArt_24_25_Copy/Content/Static/Animations/RetargetedAnimations/Walking.uasset" 892
"F:/UCA Files and Folders/Technical Art/TechnicalArt_24_25_Copy/Content/Static/Animations/RetargetedAnimations/Walking.uexp" 893
"F:/UCA Files and Folders/Technical Art/TechnicalArt_24_25_Copy/Content/Static/Animations/RetargetedAnimations/Jog_Forward.uasset" 894
"F:/UCA Files and Folders/Technical Art/TechnicalArt_24_25_Copy/Content/Static/Animations/RetargetedAnimations/Jog_Forward.uexp" 895
"F:/UCA Files and Folders/Technical Art/TechnicalArt_24_25_Copy/Content/Static/Animations/RetargetedAnimations/Fast_Run.uasset" 896
"F:/UCA Files and Folders/Technical Art/TechnicalArt_24_25_Copy/Content/Static/Animations/RetargetedAnimations/Fast_Run.uexp" 897
"F:/UCA Files and Folders/Technical Art/TechnicalArt_24_25_Copy/Content/Static/Animations/RetargetedAnimations/BS_IdleJogSprint.uasset" 898
"F:/UCA Files and Folders/Technical Art/TechnicalArt_24_25_Copy/Content/Static/Animations/RetargetedAnimations/BS_IdleJogSprint.uexp" 899
"F:/UCA Files and Folders/Technical Art/TechnicalArt_24_25_Copy/Content/Static/Animations/RetargetedAnimations/Crouch_Walk_Forward.uasset" 900
"F:/UCA Files and Folders/Technical Art/TechnicalArt_24_25_Copy/Content/Static/Animations/RetargetedAnimations/Crouch_Walk_Forward.uexp" 901
"F:/UCA Files and Folders/Technical Art/TechnicalArt_24_25_Copy/Content/Static/Animations/RetargetedAnimations/Crouch_Idle__1_.uasset" 902
"F:/UCA Files and Folders/Technical Art/TechnicalArt_24_25_Copy/Content/Static/Animations/RetargetedAnimations/Crouch_Idle__1_.uexp" 903
"F:/UCA Files and Folders/Technical Art/TechnicalArt_24_25_Copy/Content/Static/Animations/RetargetedAnimations/BS_CrouchMove.uasset" 904
"F:/UCA Files and Folders/Technical Art/TechnicalArt_24_25_Copy/Content/Static/Animations/RetargetedAnimations/BS_CrouchMove.uexp" 905
"F:/UCA Files and Folders/Technical Art/TechnicalArt_24_25_Copy/Content/Static/Animations/RetargetedAnimations/Jump__1_End.uasset" 906
"F:/UCA Files and Folders/Technical Art/TechnicalArt_24_25_Copy/Content/Static/Animations/RetargetedAnimations/Jump__1_End.uexp" 907
"F:/UCA Files and Folders/Technical Art/TechnicalArt_24_25_Copy/Content/Static/Animations/RetargetedAnimations/Running_Jump_Retarget1.uasset" 908
"F:/UCA Files and Folders/Technical Art/TechnicalArt_24_25_Copy/Content/Static/Animations/RetargetedAnimations/Running_Jump_Retarget1.uexp" 909
"F:/UCA Files and Folders/Technical Art/TechnicalArt_24_25_Copy/Content/Static/Animations/RetargetedAnimations/Getting_Up__1_.uasset" 910
"F:/UCA Files and Folders/Technical Art/TechnicalArt_24_25_Copy/Content/Static/Animations/RetargetedAnimations/Getting_Up__1_.uexp" 911
"F:/UCA Files and Folders/Technical Art/TechnicalArt_24_25_Copy/Content/Static/Animations/RetargetedAnimations/Falling_Flat_Impact.uasset" 912
"F:/UCA Files and Folders/Technical Art/TechnicalArt_24_25_Copy/Content/Static/Animations/RetargetedAnimations/Falling_Flat_Impact.uexp" 913
"F:/UCA Files and Folders/Technical Art/TechnicalArt_24_25_Copy/Content/Static/Animations/RetargetedAnimations/Jump__1_Start.uasset" 914
"F:/UCA Files and Folders/Technical Art/TechnicalArt_24_25_Copy/Content/Static/Animations/RetargetedAnimations/Jump__1_Start.uexp" 915
"F:/UCA Files and Folders/Technical Art/TechnicalArt_24_25_Copy/Content/Static/Animations/RetargetedAnimations/Jump_Idle__1_.uasset" 916
"F:/UCA Files and Folders/Technical Art/TechnicalArt_24_25_Copy/Content/Static/Animations/RetargetedAnimations/Jump_Idle__1_.uexp" 917
"F:/UCA Files and Folders/Technical Art/TechnicalArt_24_25_Copy/Content/Static/Animations/RetargetedAnimations/ANS_IsThrowing.uasset" 918
"F:/UCA Files and Folders/Technical Art/TechnicalArt_24_25_Copy/Content/Static/Animations/RetargetedAnimations/ANS_IsThrowing.uexp" 919
"F:/UCA Files and Folders/Technical Art/TechnicalArt_24_25_Copy/Content/Static/Animations/RetargetedAnimations/Casting_Spell.uasset" 920
"F:/UCA Files and Folders/Technical Art/TechnicalArt_24_25_Copy/Content/Static/Animations/RetargetedAnimations/Casting_Spell.uexp" 921
"F:/UCA Files and Folders/Technical Art/TechnicalArt_24_25_Copy/Content/Static/Animations/RetargetedAnimations/Sprint_To_Backslide.uasset" 922
"F:/UCA Files and Folders/Technical Art/TechnicalArt_24_25_Copy/Content/Static/Animations/RetargetedAnimations/Sprint_To_Backslide.uexp" 923
"F:/UCA Files and Folders/Technical Art/TechnicalArt_24_25_Copy/Content/Static/Animations/RetargetedAnimations/Baseball_Pitching1.uasset" 924
"F:/UCA Files and Folders/Technical Art/TechnicalArt_24_25_Copy/Content/Static/Animations/RetargetedAnimations/Baseball_Pitching1.uexp" 925
"F:/UCA Files and Folders/Technical Art/TechnicalArt_24_25_Copy/Content/Dynamic/Blueprints/ABP_Charger.uasset" 926
"F:/UCA Files and Folders/Technical Art/TechnicalArt_24_25_Copy/Content/Dynamic/Blueprints/ABP_Charger.uexp" 927
"F:/UCA Files and Folders/Technical Art/TechnicalArt_24_25_Copy/Content/Dynamic/Input/Actions/IA_Move.uasset" 928
"F:/UCA Files and Folders/Technical Art/TechnicalArt_24_25_Copy/Content/Dynamic/Input/Actions/IA_Move.uexp" 929
"F:/UCA Files and Folders/Technical Art/TechnicalArt_24_25_Copy/Content/Dynamic/Input/Actions/IA_Sprint.uasset" 930
"F:/UCA Files and Folders/Technical Art/TechnicalArt_24_25_Copy/Content/Dynamic/Input/Actions/IA_Sprint.uexp" 931
"F:/UCA Files and Folders/Technical Art/TechnicalArt_24_25_Copy/Content/Dynamic/Input/Actions/IA_Crouch.uasset" 932
"F:/UCA Files and Folders/Technical Art/TechnicalArt_24_25_Copy/Content/Dynamic/Input/Actions/IA_Crouch.uexp" 933
"F:/UCA Files and Folders/Technical Art/TechnicalArt_24_25_Copy/Content/Static/ImportedMixamoCharger/Temp_PlayerCharacter/MaterialCharger/Alive_Charger_22102024_lambert2_OcclusionRoughnessMetallic.ubulk" 934
"F:/UCA Files and Folders/Technical Art/TechnicalArt_24_25_Copy/Content/Static/ImportedMixamoCharger/Temp_PlayerCharacter/MaterialCharger/Alive_Charger_22102024_lambert2_OcclusionRoughnessMetallic.uasset" 935
"F:/UCA Files and Folders/Technical Art/TechnicalArt_24_25_Copy/Content/Static/ImportedMixamoCharger/Temp_PlayerCharacter/MaterialCharger/Alive_Charger_22102024_lambert2_OcclusionRoughnessMetallic.uexp" 936
"F:/UCA Files and Folders/Technical Art/TechnicalArt_24_25_Copy/Content/Static/ImportedMixamoCharger/Temp_PlayerCharacter/MaterialCharger/Alive_Charger_22102024_lambert2_Normal.ubulk" 937
"F:/UCA Files and Folders/Technical Art/TechnicalArt_24_25_Copy/Content/Static/ImportedMixamoCharger/Temp_PlayerCharacter/MaterialCharger/Alive_Charger_22102024_lambert2_Normal.uasset" 938
"F:/UCA Files and Folders/Technical Art/TechnicalArt_24_25_Copy/Content/Static/ImportedMixamoCharger/Temp_PlayerCharacter/MaterialCharger/Alive_Charger_22102024_lambert2_Normal.uexp" 939
"F:/UCA Files and Folders/Technical Art/TechnicalArt_24_25_Copy/Content/Static/ImportedMixamoCharger/Temp_PlayerCharacter/MaterialCharger/Alive_Charger_22102024_lambert2_BaseColor.ubulk" 940
"F:/UCA Files and Folders/Technical Art/TechnicalArt_24_25_Copy/Content/Static/ImportedMixamoCharger/Temp_PlayerCharacter/MaterialCharger/Alive_Charger_22102024_lambert2_BaseColor.uasset" 941
"F:/UCA Files and Folders/Technical Art/TechnicalArt_24_25_Copy/Content/Static/ImportedMixamoCharger/Temp_PlayerCharacter/MaterialCharger/Alive_Charger_22102024_lambert2_BaseColor.uexp" 942
"F:/UCA Files and Folders/Technical Art/TechnicalArt_24_25_Copy/Content/Static/ImportedMixamoCharger/Temp_PlayerCharacter/MaterialCharger/M_Charger.uasset" 943
"F:/UCA Files and Folders/Technical Art/TechnicalArt_24_25_Copy/Content/Static/ImportedMixamoCharger/Temp_PlayerCharacter/MaterialCharger/M_Charger.uexp" 944
"F:/UCA Files and Folders/Technical Art/TechnicalArt_24_25_Copy/Content/Static/ImportedMixamoCharger/Temp_PlayerCharacter/Alive_Charger_22102024__1__PhysicsAsset.uasset" 945
"F:/UCA Files and Folders/Technical Art/TechnicalArt_24_25_Copy/Content/Static/ImportedMixamoCharger/Temp_PlayerCharacter/Alive_Charger_22102024__1__PhysicsAsset.uexp" 946
"F:/UCA Files and Folders/Technical Art/TechnicalArt_24_25_Copy/Content/Static/ImportedMixamoCharger/Temp_PlayerCharacter/Alive_Charger_22102024__1_.uasset" 947
"F:/UCA Files and Folders/Technical Art/TechnicalArt_24_25_Copy/Content/Static/ImportedMixamoCharger/Temp_PlayerCharacter/Alive_Charger_22102024__1_.uexp" 948
"F:/UCA Files and Folders/Technical Art/TechnicalArt_24_25_Copy/Content/Dynamic/Input/Actions/IA_Look.uasset" 949
"F:/UCA Files and Folders/Technical Art/TechnicalArt_24_25_Copy/Content/Dynamic/Input/Actions/IA_Look.uexp" 950
"F:/UCA Files and Folders/Technical Art/TechnicalArt_24_25_Copy/Content/Dynamic/Input/Actions/IA_DecreaseSpeed.uasset" 951
"F:/UCA Files and Folders/Technical Art/TechnicalArt_24_25_Copy/Content/Dynamic/Input/Actions/IA_DecreaseSpeed.uexp" 952
"F:/UCA Files and Folders/Technical Art/TechnicalArt_24_25_Copy/Content/Dynamic/Input/Actions/IA_Jump.uasset" 953
"F:/UCA Files and Folders/Technical Art/TechnicalArt_24_25_Copy/Content/Dynamic/Input/Actions/IA_Jump.uexp" 954
"F:/UCA Files and Folders/Technical Art/TechnicalArt_24_25_Copy/Content/Dynamic/Input/Actions/IA_Slide.uasset" 955
"F:/UCA Files and Folders/Technical Art/TechnicalArt_24_25_Copy/Content/Dynamic/Input/Actions/IA_Slide.uexp" 956
"F:/UCA Files and Folders/Technical Art/TechnicalArt_24_25_Copy/Content/Dynamic/Input/Actions/IA_IncreaseSpeed.uasset" 957
"F:/UCA Files and Folders/Technical Art/TechnicalArt_24_25_Copy/Content/Dynamic/Input/Actions/IA_IncreaseSpeed.uexp" 958
"F:/UCA Files and Folders/Technical Art/TechnicalArt_24_25_Copy/Content/Dynamic/Input/Actions/IA_PauseSettings.uasset" 959
"F:/UCA Files and Folders/Technical Art/TechnicalArt_24_25_Copy/Content/Dynamic/Input/Actions/IA_PauseSettings.uexp" 960
"F:/UCA Files and Folders/Technical Art/TechnicalArt_24_25_Copy/Content/Dynamic/Input/IMC_Default.uasset" 961
"F:/UCA Files and Folders/Technical Art/TechnicalArt_24_25_Copy/Content/Dynamic/Input/IMC_Default.uexp" 962
"../../../Engine/Content/BasicShapes/Sphere.ubulk" 963
"../../../Engine/Content/BasicShapes/Sphere.uasset" 964
"../../../Engine/Content/BasicShapes/Sphere.uexp" 965
"../../../Engine/Content/Functions/Engine_MaterialFunctions02/Fresnel_Function.uasset" 966
"../../../Engine/Content/Functions/Engine_MaterialFunctions02/Fresnel_Function.uexp" 967
"F:/UCA Files and Folders/Technical Art/TechnicalArt_24_25_Copy/Content/Dynamic/Niagara/M_Lightning.uasset" 968
"F:/UCA Files and Folders/Technical Art/TechnicalArt_24_25_Copy/Content/Dynamic/Niagara/M_Lightning.uexp" 969
"F:/UCA Files and Folders/Technical Art/TechnicalArt_24_25_Copy/Content/Static/3DAliveAssets/AlivePillar/M_PillarBase.uasset" 970
"F:/UCA Files and Folders/Technical Art/TechnicalArt_24_25_Copy/Content/Static/3DAliveAssets/AlivePillar/M_PillarBase.uexp" 971
"F:/UCA Files and Folders/Technical Art/TechnicalArt_24_25_Copy/Content/Static/3DAliveAssets/AlivePillar/AlivePillar.ubulk" 972
"F:/UCA Files and Folders/Technical Art/TechnicalArt_24_25_Copy/Content/Static/3DAliveAssets/AlivePillar/AlivePillar.uasset" 973
"F:/UCA Files and Folders/Technical Art/TechnicalArt_24_25_Copy/Content/Static/3DAliveAssets/AlivePillar/AlivePillar.uexp" 974
"F:/UCA Files and Folders/Technical Art/TechnicalArt_24_25_Copy/Content/Static/3DAliveAssets/AlivePillar/M_PillarActivated.uasset" 975
"F:/UCA Files and Folders/Technical Art/TechnicalArt_24_25_Copy/Content/Static/3DAliveAssets/AlivePillar/M_PillarActivated.uexp" 976
"F:/UCA Files and Folders/Technical Art/TechnicalArt_24_25_Copy/Content/Dynamic/Blueprints/BP_Pillar.uasset" 977
"F:/UCA Files and Folders/Technical Art/TechnicalArt_24_25_Copy/Content/Dynamic/Blueprints/BP_Pillar.uexp" 978
"F:/UCA Files and Folders/Technical Art/TechnicalArt_24_25_Copy/Content/Dynamic/Blueprints/BP_BallLightning.uasset" 979
"F:/UCA Files and Folders/Technical Art/TechnicalArt_24_25_Copy/Content/Dynamic/Blueprints/BP_BallLightning.uexp" 980
"F:/UCA Files and Folders/Technical Art/TechnicalArt_24_25_Copy/Content/Static/AliveTextures/TEXT_Charger/Alive_Charger_22102024_lambert2_BaseColor.ubulk" 981
"F:/UCA Files and Folders/Technical Art/TechnicalArt_24_25_Copy/Content/Static/AliveTextures/TEXT_Charger/Alive_Charger_22102024_lambert2_BaseColor.uasset" 982
"F:/UCA Files and Folders/Technical Art/TechnicalArt_24_25_Copy/Content/Static/AliveTextures/TEXT_Charger/Alive_Charger_22102024_lambert2_BaseColor.uexp" 983
"F:/UCA Files and Folders/Technical Art/TechnicalArt_24_25_Copy/Content/Static/AliveTextures/TEXT_Charger/Alive_Charger_22102024_lambert2_Normal.ubulk" 984
"F:/UCA Files and Folders/Technical Art/TechnicalArt_24_25_Copy/Content/Static/AliveTextures/TEXT_Charger/Alive_Charger_22102024_lambert2_Normal.uasset" 985
"F:/UCA Files and Folders/Technical Art/TechnicalArt_24_25_Copy/Content/Static/AliveTextures/TEXT_Charger/Alive_Charger_22102024_lambert2_Normal.uexp" 986
"F:/UCA Files and Folders/Technical Art/TechnicalArt_24_25_Copy/Content/Static/AliveTextures/TEXT_Charger/Alive_Charger_22102024_lambert2_OcclusionRoughnessMetallic.ubulk" 987
"F:/UCA Files and Folders/Technical Art/TechnicalArt_24_25_Copy/Content/Static/AliveTextures/TEXT_Charger/Alive_Charger_22102024_lambert2_OcclusionRoughnessMetallic.uasset" 988
"F:/UCA Files and Folders/Technical Art/TechnicalArt_24_25_Copy/Content/Static/AliveTextures/TEXT_Charger/Alive_Charger_22102024_lambert2_OcclusionRoughnessMetallic.uexp" 989
"F:/UCA Files and Folders/Technical Art/TechnicalArt_24_25_Copy/Content/Static/3DAliveAssets/Charger/MAT_Charger.uasset" 990
"F:/UCA Files and Folders/Technical Art/TechnicalArt_24_25_Copy/Content/Static/3DAliveAssets/Charger/MAT_Charger.uexp" 991
"F:/UCA Files and Folders/Technical Art/TechnicalArt_24_25_Copy/Content/Dynamic/Blueprints/BP_InputSettingsSave.uasset" 992
"F:/UCA Files and Folders/Technical Art/TechnicalArt_24_25_Copy/Content/Dynamic/Blueprints/BP_InputSettingsSave.uexp" 993
"F:/UCA Files and Folders/Technical Art/TechnicalArt_24_25_Copy/Content/Static/UI/UI_PauseInputSettings.uasset" 994
"F:/UCA Files and Folders/Technical Art/TechnicalArt_24_25_Copy/Content/Static/UI/UI_PauseInputSettings.uexp" 995
"F:/UCA Files and Folders/Technical Art/TechnicalArt_24_25_Copy/Content/Dynamic/Blueprints/BP_Charger.uasset" 996
"F:/UCA Files and Folders/Technical Art/TechnicalArt_24_25_Copy/Content/Dynamic/Blueprints/BP_Charger.uexp" 997
"F:/UCA Files and Folders/Technical Art/TechnicalArt_24_25_Copy/Content/Dynamic/Maps/ChargerGameMode.uasset" 998
"F:/UCA Files and Folders/Technical Art/TechnicalArt_24_25_Copy/Content/Dynamic/Maps/ChargerGameMode.uexp" 999
"F:/UCA Files and Folders/Technical Art/TechnicalArt_24_25_Copy/Content/Static/AliveTextures/TEXT_BzzSingle/Alive_Single_Buzzsaw_13102024_standardSurface1_Normal.ubulk" 1000
"F:/UCA Files and Folders/Technical Art/TechnicalArt_24_25_Copy/Content/Static/AliveTextures/TEXT_BzzSingle/Alive_Single_Buzzsaw_13102024_standardSurface1_Normal.uasset" 1001
"F:/UCA Files and Folders/Technical Art/TechnicalArt_24_25_Copy/Content/Static/AliveTextures/TEXT_BzzSingle/Alive_Single_Buzzsaw_13102024_standardSurface1_Normal.uexp" 1002
"F:/UCA Files and Folders/Technical Art/TechnicalArt_24_25_Copy/Content/Static/AliveTextures/TEXT_BzzSingle/Alive_Single_Buzzsaw_13102024_standardSurface1_OcclusionRoughnessMetallic.ubulk" 1003
"F:/UCA Files and Folders/Technical Art/TechnicalArt_24_25_Copy/Content/Static/AliveTextures/TEXT_BzzSingle/Alive_Single_Buzzsaw_13102024_standardSurface1_OcclusionRoughnessMetallic.uasset" 1004
"F:/UCA Files and Folders/Technical Art/TechnicalArt_24_25_Copy/Content/Static/AliveTextures/TEXT_BzzSingle/Alive_Single_Buzzsaw_13102024_standardSurface1_OcclusionRoughnessMetallic.uexp" 1005
"F:/UCA Files and Folders/Technical Art/TechnicalArt_24_25_Copy/Content/Static/AliveTextures/TEXT_BzzSingle/Alive_Single_Buzzsaw_13102024_standardSurface1_BaseColor.ubulk" 1006
"F:/UCA Files and Folders/Technical Art/TechnicalArt_24_25_Copy/Content/Static/AliveTextures/TEXT_BzzSingle/Alive_Single_Buzzsaw_13102024_standardSurface1_BaseColor.uasset" 1007
"F:/UCA Files and Folders/Technical Art/TechnicalArt_24_25_Copy/Content/Static/AliveTextures/TEXT_BzzSingle/Alive_Single_Buzzsaw_13102024_standardSurface1_BaseColor.uexp" 1008
"F:/UCA Files and Folders/Technical Art/TechnicalArt_24_25_Copy/Content/Static/3DAliveAssets/BuzzsawStack/MAT_BuzzStack.uasset" 1009
"F:/UCA Files and Folders/Technical Art/TechnicalArt_24_25_Copy/Content/Static/3DAliveAssets/BuzzsawStack/MAT_BuzzStack.uexp" 1010
"F:/UCA Files and Folders/Technical Art/TechnicalArt_24_25_Copy/Content/Static/3DAliveAssets/BuzzsawStack/SM_BuzzStack.ubulk" 1011
"F:/UCA Files and Folders/Technical Art/TechnicalArt_24_25_Copy/Content/Static/3DAliveAssets/BuzzsawStack/SM_BuzzStack.uasset" 1012
"F:/UCA Files and Folders/Technical Art/TechnicalArt_24_25_Copy/Content/Static/3DAliveAssets/BuzzsawStack/SM_BuzzStack.uexp" 1013
"F:/UCA Files and Folders/Technical Art/TechnicalArt_24_25_Copy/Content/Dynamic/Blueprints/BP_BuzzStack.uasset" 1014
"F:/UCA Files and Folders/Technical Art/TechnicalArt_24_25_Copy/Content/Dynamic/Blueprints/BP_BuzzStack.uexp" 1015
"F:/UCA Files and Folders/Technical Art/TechnicalArt_24_25_Copy/Content/Static/AliveTextures/TEXT_Tenderizer/Alive_Tenderizer_13102024_standardSurface1_BaseColor.ubulk" 1016
"F:/UCA Files and Folders/Technical Art/TechnicalArt_24_25_Copy/Content/Static/AliveTextures/TEXT_Tenderizer/Alive_Tenderizer_13102024_standardSurface1_BaseColor.uasset" 1017
"F:/UCA Files and Folders/Technical Art/TechnicalArt_24_25_Copy/Content/Static/AliveTextures/TEXT_Tenderizer/Alive_Tenderizer_13102024_standardSurface1_BaseColor.uexp" 1018
"F:/UCA Files and Folders/Technical Art/TechnicalArt_24_25_Copy/Content/Static/AliveTextures/TEXT_Tenderizer/Alive_Tenderizer_13102024_standardSurface1_Normal.ubulk" 1019
"F:/UCA Files and Folders/Technical Art/TechnicalArt_24_25_Copy/Content/Static/AliveTextures/TEXT_Tenderizer/Alive_Tenderizer_13102024_standardSurface1_Normal.uasset" 1020
"F:/UCA Files and Folders/Technical Art/TechnicalArt_24_25_Copy/Content/Static/AliveTextures/TEXT_Tenderizer/Alive_Tenderizer_13102024_standardSurface1_Normal.uexp" 1021
"F:/UCA Files and Folders/Technical Art/TechnicalArt_24_25_Copy/Content/Static/AliveTextures/TEXT_Tenderizer/Alive_Tenderizer_13102024_standardSurface1_OcclusionRoughnessMetallic.ubulk" 1022
"F:/UCA Files and Folders/Technical Art/TechnicalArt_24_25_Copy/Content/Static/AliveTextures/TEXT_Tenderizer/Alive_Tenderizer_13102024_standardSurface1_OcclusionRoughnessMetallic.uasset" 1023
"F:/UCA Files and Folders/Technical Art/TechnicalArt_24_25_Copy/Content/Static/AliveTextures/TEXT_Tenderizer/Alive_Tenderizer_13102024_standardSurface1_OcclusionRoughnessMetallic.uexp" 1024
"F:/UCA Files and Folders/Technical Art/TechnicalArt_24_25_Copy/Content/Static/3DAliveAssets/Tenderizer/MAT_Tenderizer.uasset" 1025
"F:/UCA Files and Folders/Technical Art/TechnicalArt_24_25_Copy/Content/Static/3DAliveAssets/Tenderizer/MAT_Tenderizer.uexp" 1026
"F:/UCA Files and Folders/Technical Art/TechnicalArt_24_25_Copy/Content/Static/3DAliveAssets/Tenderizer/SM_TenderizerCylinder.ubulk" 1027
"F:/UCA Files and Folders/Technical Art/TechnicalArt_24_25_Copy/Content/Static/3DAliveAssets/Tenderizer/SM_TenderizerCylinder.uasset" 1028
"F:/UCA Files and Folders/Technical Art/TechnicalArt_24_25_Copy/Content/Static/3DAliveAssets/Tenderizer/SM_TenderizerCylinder.uexp" 1029
"F:/UCA Files and Folders/Technical Art/TechnicalArt_24_25_Copy/Content/Dynamic/Blueprints/BP_Tenderizer.uasset" 1030
"F:/UCA Files and Folders/Technical Art/TechnicalArt_24_25_Copy/Content/Dynamic/Blueprints/BP_Tenderizer.uexp" 1031
"F:/UCA Files and Folders/Technical Art/TechnicalArt_24_25_Copy/Content/Static/3DAliveAssets/LightningBowl/standardSurface1.uasset" 1032
"F:/UCA Files and Folders/Technical Art/TechnicalArt_24_25_Copy/Content/Static/3DAliveAssets/LightningBowl/standardSurface1.uexp" 1033
"F:/UCA Files and Folders/Technical Art/TechnicalArt_24_25_Copy/Content/Static/3DAliveAssets/LightningBowl/SM_Alive_LightningBowl_21102024.ubulk" 1034
"F:/UCA Files and Folders/Technical Art/TechnicalArt_24_25_Copy/Content/Static/3DAliveAssets/LightningBowl/SM_Alive_LightningBowl_21102024.uasset" 1035
"F:/UCA Files and Folders/Technical Art/TechnicalArt_24_25_Copy/Content/Static/3DAliveAssets/LightningBowl/SM_Alive_LightningBowl_21102024.uexp" 1036
"F:/UCA Files and Folders/Technical Art/TechnicalArt_24_25_Copy/Content/Static/AliveTextures/TEXT_LightningBowl/Alive_LightningBowl_21102024_standardSurface1_Normal.ubulk" 1037
"F:/UCA Files and Folders/Technical Art/TechnicalArt_24_25_Copy/Content/Static/AliveTextures/TEXT_LightningBowl/Alive_LightningBowl_21102024_standardSurface1_Normal.uasset" 1038
"F:/UCA Files and Folders/Technical Art/TechnicalArt_24_25_Copy/Content/Static/AliveTextures/TEXT_LightningBowl/Alive_LightningBowl_21102024_standardSurface1_Normal.uexp" 1039
"F:/UCA Files and Folders/Technical Art/TechnicalArt_24_25_Copy/Content/Static/AliveTextures/TEXT_LightningBowl/Alive_LightningBowl_21102024_standardSurface1_BaseColor.ubulk" 1040
"F:/UCA Files and Folders/Technical Art/TechnicalArt_24_25_Copy/Content/Static/AliveTextures/TEXT_LightningBowl/Alive_LightningBowl_21102024_standardSurface1_BaseColor.uasset" 1041
"F:/UCA Files and Folders/Technical Art/TechnicalArt_24_25_Copy/Content/Static/AliveTextures/TEXT_LightningBowl/Alive_LightningBowl_21102024_standardSurface1_BaseColor.uexp" 1042
"F:/UCA Files and Folders/Technical Art/TechnicalArt_24_25_Copy/Content/Static/AliveTextures/TEXT_LightningBowl/Alive_LightningBowl_21102024_standardSurface1_OcclusionRoughnessMetallic.ubulk" 1043
"F:/UCA Files and Folders/Technical Art/TechnicalArt_24_25_Copy/Content/Static/AliveTextures/TEXT_LightningBowl/Alive_LightningBowl_21102024_standardSurface1_OcclusionRoughnessMetallic.uasset" 1044
"F:/UCA Files and Folders/Technical Art/TechnicalArt_24_25_Copy/Content/Static/AliveTextures/TEXT_LightningBowl/Alive_LightningBowl_21102024_standardSurface1_OcclusionRoughnessMetallic.uexp" 1045
"F:/UCA Files and Folders/Technical Art/TechnicalArt_24_25_Copy/Content/Static/3DAliveAssets/LightningBowl/MAT_LightningBowl.uasset" 1046
"F:/UCA Files and Folders/Technical Art/TechnicalArt_24_25_Copy/Content/Static/3DAliveAssets/LightningBowl/MAT_LightningBowl.uexp" 1047
"F:/UCA Files and Folders/Technical Art/TechnicalArt_24_25_Copy/Content/Dynamic/Blueprints/BP_LightningBowl.uasset" 1048
"F:/UCA Files and Folders/Technical Art/TechnicalArt_24_25_Copy/Content/Dynamic/Blueprints/BP_LightningBowl.uexp" 1049
"F:/UCA Files and Folders/Technical Art/TechnicalArt_24_25_Copy/Content/Static/3DAliveAssets/SwingingHammer/SM_SwingingHammer.ubulk" 1050
"F:/UCA Files and Folders/Technical Art/TechnicalArt_24_25_Copy/Content/Static/3DAliveAssets/SwingingHammer/SM_SwingingHammer.uasset" 1051
"F:/UCA Files and Folders/Technical Art/TechnicalArt_24_25_Copy/Content/Static/3DAliveAssets/SwingingHammer/SM_SwingingHammer.uexp" 1052
"F:/UCA Files and Folders/Technical Art/TechnicalArt_24_25_Copy/Content/Static/AliveTextures/TEXT_SwingingHammer/Alive_Swinging_Hammer_16102024_standardSurface1_OcclusionRoughnessMetallic.ubulk" 1053
"F:/UCA Files and Folders/Technical Art/TechnicalArt_24_25_Copy/Content/Static/AliveTextures/TEXT_SwingingHammer/Alive_Swinging_Hammer_16102024_standardSurface1_OcclusionRoughnessMetallic.uasset" 1054
"F:/UCA Files and Folders/Technical Art/TechnicalArt_24_25_Copy/Content/Static/AliveTextures/TEXT_SwingingHammer/Alive_Swinging_Hammer_16102024_standardSurface1_OcclusionRoughnessMetallic.uexp" 1055
"F:/UCA Files and Folders/Technical Art/TechnicalArt_24_25_Copy/Content/Static/AliveTextures/TEXT_SwingingHammer/Alive_Swinging_Hammer_16102024_standardSurface1_Normal.ubulk" 1056
"F:/UCA Files and Folders/Technical Art/TechnicalArt_24_25_Copy/Content/Static/AliveTextures/TEXT_SwingingHammer/Alive_Swinging_Hammer_16102024_standardSurface1_Normal.uasset" 1057
"F:/UCA Files and Folders/Technical Art/TechnicalArt_24_25_Copy/Content/Static/AliveTextures/TEXT_SwingingHammer/Alive_Swinging_Hammer_16102024_standardSurface1_Normal.uexp" 1058
"F:/UCA Files and Folders/Technical Art/TechnicalArt_24_25_Copy/Content/Static/AliveTextures/TEXT_SwingingHammer/Alive_Swinging_Hammer_16102024_standardSurface1_BaseColor.ubulk" 1059
"F:/UCA Files and Folders/Technical Art/TechnicalArt_24_25_Copy/Content/Static/AliveTextures/TEXT_SwingingHammer/Alive_Swinging_Hammer_16102024_standardSurface1_BaseColor.uasset" 1060
"F:/UCA Files and Folders/Technical Art/TechnicalArt_24_25_Copy/Content/Static/AliveTextures/TEXT_SwingingHammer/Alive_Swinging_Hammer_16102024_standardSurface1_BaseColor.uexp" 1061
"F:/UCA Files and Folders/Technical Art/TechnicalArt_24_25_Copy/Content/Static/3DAliveAssets/SwingingHammer/MAT_SwingingHammer.uasset" 1062
"F:/UCA Files and Folders/Technical Art/TechnicalArt_24_25_Copy/Content/Static/3DAliveAssets/SwingingHammer/MAT_SwingingHammer.uexp" 1063
"F:/UCA Files and Folders/Technical Art/TechnicalArt_24_25_Copy/Content/Static/3DAliveAssets/SwingingHammer/SM_HammerPivot.ubulk" 1064
"F:/UCA Files and Folders/Technical Art/TechnicalArt_24_25_Copy/Content/Static/3DAliveAssets/SwingingHammer/SM_HammerPivot.uasset" 1065
"F:/UCA Files and Folders/Technical Art/TechnicalArt_24_25_Copy/Content/Static/3DAliveAssets/SwingingHammer/SM_HammerPivot.uexp" 1066
"F:/UCA Files and Folders/Technical Art/TechnicalArt_24_25_Copy/Content/Dynamic/Blueprints/BP_SwingingHammer.uasset" 1067
"F:/UCA Files and Folders/Technical Art/TechnicalArt_24_25_Copy/Content/Dynamic/Blueprints/BP_SwingingHammer.uexp" 1068
"F:/UCA Files and Folders/Technical Art/TechnicalArt_24_25_Copy/Content/Dynamic/Blueprints/BP_HasPowerCollision.uasset" 1069
"F:/UCA Files and Folders/Technical Art/TechnicalArt_24_25_Copy/Content/Dynamic/Blueprints/BP_HasPowerCollision.uexp" 1070
"../../../Engine/Content/BasicShapes/BasicShapeMaterial.uasset" 1071
"../../../Engine/Content/BasicShapes/BasicShapeMaterial.uexp" 1072
"F:/UCA Files and Folders/Technical Art/TechnicalArt_24_25_Copy/Content/Dynamic/Blueprints/BP_KillBox.uasset" 1073
"F:/UCA Files and Folders/Technical Art/TechnicalArt_24_25_Copy/Content/Dynamic/Blueprints/BP_KillBox.uexp" 1074
"F:/UCA Files and Folders/Technical Art/TechnicalArt_24_25_Copy/Content/Static/3DAliveAssets/InvisiblePlane/M_InvisiblePlane.uasset" 1075
"F:/UCA Files and Folders/Technical Art/TechnicalArt_24_25_Copy/Content/Static/3DAliveAssets/InvisiblePlane/M_InvisiblePlane.uexp" 1076
"F:/UCA Files and Folders/Technical Art/TechnicalArt_24_25_Copy/Content/Static/3DAliveAssets/GyroscopicPortal_2/Alive_GyroscopicSphere_22102024_Alive_GP_Sphere.ubulk" 1077
"F:/UCA Files and Folders/Technical Art/TechnicalArt_24_25_Copy/Content/Static/3DAliveAssets/GyroscopicPortal_2/Alive_GyroscopicSphere_22102024_Alive_GP_Sphere.uasset" 1078
"F:/UCA Files and Folders/Technical Art/TechnicalArt_24_25_Copy/Content/Static/3DAliveAssets/GyroscopicPortal_2/Alive_GyroscopicSphere_22102024_Alive_GP_Sphere.uexp" 1079
"F:/UCA Files and Folders/Technical Art/TechnicalArt_24_25_Copy/Content/Static/3DAliveAssets/GyroscopicPortal_2/Alive_GyroscopicSphere_22102024_Alive_MidlleRing.ubulk" 1080
"F:/UCA Files and Folders/Technical Art/TechnicalArt_24_25_Copy/Content/Static/3DAliveAssets/GyroscopicPortal_2/Alive_GyroscopicSphere_22102024_Alive_MidlleRing.uasset" 1081
"F:/UCA Files and Folders/Technical Art/TechnicalArt_24_25_Copy/Content/Static/3DAliveAssets/GyroscopicPortal_2/Alive_GyroscopicSphere_22102024_Alive_MidlleRing.uexp" 1082
"F:/UCA Files and Folders/Technical Art/TechnicalArt_24_25_Copy/Content/Static/3DAliveAssets/GyroscopicPortal_2/Alive_GyroscopicSphere_22102024_Alive_GP_Pedestal.ubulk" 1083
"F:/UCA Files and Folders/Technical Art/TechnicalArt_24_25_Copy/Content/Static/3DAliveAssets/GyroscopicPortal_2/Alive_GyroscopicSphere_22102024_Alive_GP_Pedestal.uasset" 1084
"F:/UCA Files and Folders/Technical Art/TechnicalArt_24_25_Copy/Content/Static/3DAliveAssets/GyroscopicPortal_2/Alive_GyroscopicSphere_22102024_Alive_GP_Pedestal.uexp" 1085
"F:/UCA Files and Folders/Technical Art/TechnicalArt_24_25_Copy/Content/Static/3DAliveAssets/GyroscopicPortal_2/Alive_GyroscopicSphere_22102024_Alive_OuterRing.ubulk" 1086
"F:/UCA Files and Folders/Technical Art/TechnicalArt_24_25_Copy/Content/Static/3DAliveAssets/GyroscopicPortal_2/Alive_GyroscopicSphere_22102024_Alive_OuterRing.uasset" 1087
"F:/UCA Files and Folders/Technical Art/TechnicalArt_24_25_Copy/Content/Static/3DAliveAssets/GyroscopicPortal_2/Alive_GyroscopicSphere_22102024_Alive_OuterRing.uexp" 1088
"F:/UCA Files and Folders/Technical Art/TechnicalArt_24_25_Copy/Content/Static/3DAliveAssets/GyroscopicPortal_2/Alive_GyroscopicSphere_22102024_Alive_InnerRing.ubulk" 1089
"F:/UCA Files and Folders/Technical Art/TechnicalArt_24_25_Copy/Content/Static/3DAliveAssets/GyroscopicPortal_2/Alive_GyroscopicSphere_22102024_Alive_InnerRing.uasset" 1090
"F:/UCA Files and Folders/Technical Art/TechnicalArt_24_25_Copy/Content/Static/3DAliveAssets/GyroscopicPortal_2/Alive_GyroscopicSphere_22102024_Alive_InnerRing.uexp" 1091
"F:/UCA Files and Folders/Technical Art/TechnicalArt_24_25_Copy/Content/Static/AliveTextures/TEXT_GS_with_Emission/Alive_GyroscopicSphere_22102024_standardSurface1_Emissive.ubulk" 1092
"F:/UCA Files and Folders/Technical Art/TechnicalArt_24_25_Copy/Content/Static/AliveTextures/TEXT_GS_with_Emission/Alive_GyroscopicSphere_22102024_standardSurface1_Emissive.uasset" 1093
"F:/UCA Files and Folders/Technical Art/TechnicalArt_24_25_Copy/Content/Static/AliveTextures/TEXT_GS_with_Emission/Alive_GyroscopicSphere_22102024_standardSurface1_Emissive.uexp" 1094
"F:/UCA Files and Folders/Technical Art/TechnicalArt_24_25_Copy/Content/Static/AliveTextures/TEXT_GS_with_Emission/Alive_GyroscopicSphere_22102024_standardSurface1_BaseColor.ubulk" 1095
"F:/UCA Files and Folders/Technical Art/TechnicalArt_24_25_Copy/Content/Static/AliveTextures/TEXT_GS_with_Emission/Alive_GyroscopicSphere_22102024_standardSurface1_BaseColor.uasset" 1096
"F:/UCA Files and Folders/Technical Art/TechnicalArt_24_25_Copy/Content/Static/AliveTextures/TEXT_GS_with_Emission/Alive_GyroscopicSphere_22102024_standardSurface1_BaseColor.uexp" 1097
"F:/UCA Files and Folders/Technical Art/TechnicalArt_24_25_Copy/Content/Static/AliveTextures/TEXT_GS_with_Emission/Alive_GyroscopicSphere_22102024_standardSurface1_Normal.ubulk" 1098
"F:/UCA Files and Folders/Technical Art/TechnicalArt_24_25_Copy/Content/Static/AliveTextures/TEXT_GS_with_Emission/Alive_GyroscopicSphere_22102024_standardSurface1_Normal.uasset" 1099
"F:/UCA Files and Folders/Technical Art/TechnicalArt_24_25_Copy/Content/Static/AliveTextures/TEXT_GS_with_Emission/Alive_GyroscopicSphere_22102024_standardSurface1_Normal.uexp" 1100
"F:/UCA Files and Folders/Technical Art/TechnicalArt_24_25_Copy/Content/Static/AliveTextures/TEXT_GS_with_Emission/Alive_GyroscopicSphere_22102024_standardSurface1_OcclusionRoughnessMetallic.ubulk" 1101
"F:/UCA Files and Folders/Technical Art/TechnicalArt_24_25_Copy/Content/Static/AliveTextures/TEXT_GS_with_Emission/Alive_GyroscopicSphere_22102024_standardSurface1_OcclusionRoughnessMetallic.uasset" 1102
"F:/UCA Files and Folders/Technical Art/TechnicalArt_24_25_Copy/Content/Static/AliveTextures/TEXT_GS_with_Emission/Alive_GyroscopicSphere_22102024_standardSurface1_OcclusionRoughnessMetallic.uexp" 1103
"F:/UCA Files and Folders/Technical Art/TechnicalArt_24_25_Copy/Content/Static/3DAliveAssets/GyroscopicPortal_2/MAT_GS_with_Emission.uasset" 1104
"F:/UCA Files and Folders/Technical Art/TechnicalArt_24_25_Copy/Content/Static/3DAliveAssets/GyroscopicPortal_2/MAT_GS_with_Emission.uexp" 1105
"../../../Engine/Plugins/FX/Niagara/Content/DefaultAssets/DefaultSpriteMaterial.uasset" 1106
"../../../Engine/Plugins/FX/Niagara/Content/DefaultAssets/DefaultSpriteMaterial.uexp" 1107
"../../../Engine/Plugins/FX/Niagara/Content/VectorFields/Assets/TilingCurl32.uasset" 1108
"../../../Engine/Plugins/FX/Niagara/Content/VectorFields/Assets/TilingCurl32.uexp" 1109
"F:/UCA Files and Folders/Technical Art/TechnicalArt_24_25_Copy/Content/Dynamic/Niagara/NS_Portal.uasset" 1110
"F:/UCA Files and Folders/Technical Art/TechnicalArt_24_25_Copy/Content/Dynamic/Niagara/NS_Portal.uexp" 1111
"F:/UCA Files and Folders/Technical Art/TechnicalArt_24_25_Copy/Content/Static/UI/Charger3.uasset" 1112
"F:/UCA Files and Folders/Technical Art/TechnicalArt_24_25_Copy/Content/Static/UI/Charger3.uexp" 1113
"F:/UCA Files and Folders/Technical Art/TechnicalArt_24_25_Copy/Content/Static/UI/OutroCharger3.uasset" 1114
"F:/UCA Files and Folders/Technical Art/TechnicalArt_24_25_Copy/Content/Static/UI/OutroCharger3.uexp" 1115
"F:/UCA Files and Folders/Technical Art/TechnicalArt_24_25_Copy/Content/Dynamic/Blueprints/BP_GyroscopicPortal.uasset" 1116
"F:/UCA Files and Folders/Technical Art/TechnicalArt_24_25_Copy/Content/Dynamic/Blueprints/BP_GyroscopicPortal.uexp" 1117
"F:/UCA Files and Folders/Technical Art/TechnicalArt_24_25_Copy/Content/Static/3DAliveAssets/BuzzsawSingle/MAT_BuzzSingle.uasset" 1118
"F:/UCA Files and Folders/Technical Art/TechnicalArt_24_25_Copy/Content/Static/3DAliveAssets/BuzzsawSingle/MAT_BuzzSingle.uexp" 1119
"F:/UCA Files and Folders/Technical Art/TechnicalArt_24_25_Copy/Content/Static/3DAliveAssets/BuzzsawSingle/SM_BuzzSingle.ubulk" 1120
"F:/UCA Files and Folders/Technical Art/TechnicalArt_24_25_Copy/Content/Static/3DAliveAssets/BuzzsawSingle/SM_BuzzSingle.uasset" 1121
"F:/UCA Files and Folders/Technical Art/TechnicalArt_24_25_Copy/Content/Static/3DAliveAssets/BuzzsawSingle/SM_BuzzSingle.uexp" 1122
"F:/UCA Files and Folders/Technical Art/TechnicalArt_24_25_Copy/Content/Dynamic/Blueprints/BP_BuzzSingle.uasset" 1123
"F:/UCA Files and Folders/Technical Art/TechnicalArt_24_25_Copy/Content/Dynamic/Blueprints/BP_BuzzSingle.uexp" 1124
"F:/UCA Files and Folders/Technical Art/TechnicalArt_24_25_Copy/Content/Dynamic/Blueprints/BP_Checkpoint.uasset" 1125
"F:/UCA Files and Folders/Technical Art/TechnicalArt_24_25_Copy/Content/Dynamic/Blueprints/BP_Checkpoint.uexp" 1126
"F:/UCA Files and Folders/Technical Art/TechnicalArt_24_25_Copy/Content/Dynamic/Maps/Alive_Charger_Origin_BuiltData.ubulk" 1127
"F:/UCA Files and Folders/Technical Art/TechnicalArt_24_25_Copy/Content/Dynamic/Maps/Alive_Charger_Origin_BuiltData.uasset" 1128
"F:/UCA Files and Folders/Technical Art/TechnicalArt_24_25_Copy/Content/Dynamic/Maps/Alive_Charger_Origin_BuiltData.uexp" 1129
"F:/UCA Files and Folders/Technical Art/TechnicalArt_24_25_Copy/Content/Dynamic/Maps/Alive_Charger_Origin.uexp" 1130
"F:/UCA Files and Folders/Technical Art/TechnicalArt_24_25_Copy/Content/Dynamic/Maps/Alive_Charger_Origin.umap" 1131
